PERSON_ID,DOOR NUMBER,GENDER,DOB,CURRENT MARRTIAL STATUS,RELIGION,CASTE,DISABILITY,TYPE OF DISABILITY,LITERACY STATUS,CURRENTSTATUS OF ATTENDANCE,HIGHEST EDUCATION LEVEL ,OCCUPATION,NATURE OF INDUSTRY,SECTOR,SALARY,MODE OF TRAVELLING TO WORK PLACE,CHILDREN SURVIVING ,CHILDREN EVER BORN,NUMBER OF PERSONS EXPIRED IN LAST 10 YEARS,TYPE OF HOUSE,PAN CARD,RATION CARD,ADHAR CARD,AREA,CITY,
P001,1000,MALE,06/11/1960,MARRIED,HINDU,OBC,NA,NA,LITERATE,WORKING,UG,SOFTWARE ENGINEER,IT,PRIVATE,100000.00,PRIVATE,2,3,1,OWN,YES,YES,YES,BANDRA,MUMBAI,
P002,1000,FEMALE,15/08/1965,MARRIED,HINDU,OBC,NA,NA,LITERATE,HOME MAKER,HSC,NA,NA,NA,0.00,NA,NA,NA,0,OWN,NO,YES,YES,BANDRA,MUMBAI,
P003,1000,FEMALE,28/07/1992,UNMARRIED,HINDU,OBC,NA,NA,LITERATE,STUDENT,SSC,NA,NA,NA,0.00,NA,NA,NA,0,OWN,YES,YES,YES,BANDRA,MUMBAI,
P004,1000,FEMALE,02/05/1990,UNMARRIED,HINDU,OBC,NA,NA,LITERATE,STUDENT,SSC,NA,NA,NA,0.00,NA,NA,NA,0,OWN,YES,YES,YES,BANDRA,MUMBAI,
P005,1000,FEMALE,26/10/1947,WIDOWER,HINDU,OBC,NA,NA,ILLITERATE,HOME MAKER,NA,NA,NA,NA,0.00,NA,0,0,0,OWN,NO,YES,YES,BANDRA,MUMBAI,
P006,1001,MALE,17/04/1940,MARRIED,CHRISTIAN,GM,NA,NA,ILLITERATE,NA,NA,NA,NA,NA,0.00,NA,1,1,0,RENT,NO,YES,YES,PANVEL,MUMBAI,
P007,1001,MALE,21/01/1958,MARRIED,CHRISTIAN,GM,NA,NA,LITERATE,WORKING,PG,TEACHER,EDUCATION,GOVERNMENT,300000.00,PUBLIC,1,1,0,RENT,YES,YES,YES,PANVEL,MUMBAI,
P008,1001,FEMALE,05/11/1943,MARRIED,CHRISTIAN,GM,NA,NA,LITERATE,WORKING,UG,CLERK,OTHERS,GOVERNMENT,150000.00,PRIVATE,NA,NA,0,RENT,YES,YES,YES,PANVEL,MUMBAI,
P009,1001,FEMALE,31/03/1960,MARRIED,CHRISTIAN,GM,NA,NA,LITERATE,WORKING,PG,SOFTWARE ENGINEER,IT,PRIVATE,280000.00,PRIVATE,NA,NA,0,RENT,YES,YES,YES,PANVEL,MUMBAI,
P010,1001,MALE,14/09/1988,UNMARRIED,CHRISTIAN,GM,NA,NA,LITERATE,STUDENT,SSC,NA,NA,NA,0.00,NA,NA,NA,0,RENT,YES,YES,YES,PANVEL,MUMBAI,
P011,1002,MALE,17-06-1970,MARRIED,HINDU,SC/ST,NA,NA,LITERATE,WORKING,PG,PROFFESSOR,EDUCATION,GOVERNMENT,670000.00,PRIVATE,2,2,2,OWN,YES,YES,YES,VASHI,MUMBAI,
P012,1002,FEMALE,14/08/1976,MARRIED,HINDU,SC/ST,NA,NA,LITERATE,WORKING,PG,PROFFESSOR,EDUCATION,PRIVATE,350000.00,PUBLIC,NA,NA,0,OWN,YES,YES,YES,VASHI,MUMBAI,
P013,1002,MALE,19/12/1995,NA,HINDU,SC/ST,NA,NA,LITERATE,STUDENT,UG,NA,NA,NA,0.00,NA,NA,NA,0,OWN,NO,YES,YES,VASHI,MUMBAI,
P014,1002,FEMALE,29/01/1997,NA,HINDU,SC/ST,NA,NA,LITERATE,STUDENT,PG,NA,NA,NA,0.00,NA,NA,NA,0,OWN,NO,YES,YES,VASHI,MUMBAI,
P015,1003,MALE,26/03/1985,MARRIED,MUSLIM,OBC,NA,NA,LITERATE,WORKING,UG,PROFFESSOR,EDUCATION,GOVERNMENT,150000.00,PUBLIC,2,2,1,RENT,NO,YES,YES,ANDHERI,MUMBAI,
P016,1003,MALE,18/04/2013,NA,MUSLIM,OBC,NA,NA,LITERATE,STUDENT,UG,NA,NA,NA,0.00,NA,NA,NA,0,RENT,YES,YES,YES,ANDHERI,MUMBAI,
P017,1003,FEMALE,05/04/1987,MARRIED,MUSLIM,OBC,NA,NA,ILLITERATE,HOME MAKER,NA,NA,NA,NA,0.00,NA,NA,NA,1,RENT,NO,YES,YES,ANDHERI,MUMBAI,
P018,1003,FEMALE,12/03/2011,UNMARRIED,MUSLIM,OBC,NA,NA,NA,NA,NA,NA,NA,NA,0.00,NA,NA,NA,0,RENT,NO,YES,YES,ANDHERI,MUMBAI,
P019,1004,MALE,13/05/1986,MARRIED,HINDU,SC/ST,NA,NA,ILLITERATE,WORKING,NA,BUSINESS,OTHERS,SELF EMPLOYED,500000.00,NA,2,2,1,RENT,YES,YES,YES,AIROLI,MUMBAI,
P020,1004,MALE,13/02/2014,UNMARRIED,HINDU,SC/ST,NA,NA,NA,NA,NA,NA,NA,NA,0.00,NA,NA,NA,0,RENT,NO,YES,YES,AIROLI,MUMBAI,
P021,1004,FEMALE,13/05/1988,MARRIED,HINDU,SC/ST,NA,NA,ILLITERATE,WORKING,NA,BUSINESS,OTHERS,SELF EMPLOYED,700000.00,NA,NA,NA,1,RENT,NO,YES,YES,AIROLI,MUMBAI,
P022,1004,FEMALE,25/11/1967,WIDOWER,HINDU,SC/ST,NA,NA,ILLITERATE,HOME MAKER,NA,NA,NA,NA,0.00,NA,1,1,1,RENT,NO,YES,YES,AIROLI,MUMBAI,
P023,1004,FEMALE,22/07/2011,NA,HINDU,SC/ST,YES,INTELLECTUAL,NA,NA,NA,NA,NA,NA,0.00,NA,NA,NA,0,RENT,NO,YES,YES,AIROLI,MUMBAI,
P024,1004,FEMALE,26/09/1983,UNMARRIED,HINDU,SC/ST,NA,NA,LITERATE,WORKING,UG,SOFTWARE ENGINEER,IT,PRIVATE,350000.00,PUBLIC,0,NA,1,RENT,YES,YES,YES,AIROLI,MUMBAI,
P025,1004,FEMALE,01/01/1960,WIDOWER,HINDU,SC/ST,NA,NA,ILLITERATE,NA,NA,NA,NA,NA,0.00,NA,1,1,1,RENT,NO,YES,YES,AIROLI,MUMBAI,
P026,1005,MALE,03/07/1978,MARRIED,CHRISTIAN,OBC,NA,NA,LITERATE,WORKING,PG,PROFESSOR,EDUCATION,GOVERNMENT,670000.00,PUBLIC,2,2,0,OWN,YES,YES,YES,CST,MUMBAI,
P027,1005,FEMALE,11/03/1983,MARRIED,CHRISTIAN,OBC,YES,INTELLECTUAL,LITERATE,WORKING,UG,TEACHER,EDUCATION,PRIVATE,180000.00,PUBLIC,NA,NA,0,OWN,YES,YES,YES,CST,MUMBAI,
P028,1005,FEMALE,03/06/1950,WIDOWER,CHRISTIAN,OBC,NA,NA,ILLITERATE,HOME MAKER,NA,NA,NA,NA,0.00,NA,0,2,0,OWN,NO,YES,YES,CST,MUMBAI,
P029,1005,FEMALE,10/10/2000,NA,CHRISTIAN,OBC,YES,VISION,LITERATE,STUDENT,HSC,NA,NA,NA,0.00,NA,NA,NA,0,OWN,NO,YES,YES,CST,MUMBAI,
P030,1005,FEMALE,11/11/2005,NA,CHRISTIAN,OBC,NA,NA,LITERATE,STUDENT,UG,NA,NA,NA,0.00,NA,NA,NA,0,OWN,NO,YES,YES,CST,MUMBAI,
P031,1005,FEMALE,01/03/1980,UNMARRIED,CHRISTIAN,OBC,YES,HEARING,ILLITERATE,NA,NA,NA,NA,NA,0.00,NA,0,NA,0,OWN,NO,YES,YES,CST,MUMBAI,
P032,1006,MALE,23/11/1987,MARRIED,MUSLIM,GM,YES,PHYSICAL,LITERATE,WORKING,PG,SOFTWARE ENGINEER,IT,PRIVATE,386000.00,PRIVATE,2,2,1,RENT,YES,YES,YES,DADAR,MUMBAI,
P033,1006,FEMALE,09/05/1989,MARRIED,MUSLIM,GM,NA,NA,LITERATE,HOME MAKER,UG,NA,NA,NA,0.00,NA,NA,NA,0,RENT,NO,YES,YES,DADAR,MUMBAI,
P034,1006,MALE,13/04/2009,NA,MUSLIM,GM,NA,NA,LITERATE,STUDENT,UG,NA,NA,NA,0.00,NA,NA,NA,0,RENT,YES,YES,YES,DADAR,MUMBAI,
P035,1006,FEMALE,21/08/2011,NA,MUSLIM,GM,NA,NA,LITERATE,NA,NA,NA,NA,NA,0.00,NA,NA,NA,0,RENT,YES,YES,YES,DADAR,MUMBAI,
P036,1007,MALE,24/06/1957,UNMARRIED,HINDU,SC/ST,NA,NA,LITERATE,WORKING,PG,PROFFESSOR,EDUCATION,GOVERNMENT,550000.00,PUBLIC,2,2,0,OWN,YES,YES,NO,ANDHERI,MUMBAI,
P037,1007,FEMALE,30/12/1960,MARRIED,HINDU,SC/ST,NA,NA,LITERATE,WORKING,UG,TEACHER,EDUCATION,GOVERNMENT,320000.00,PUBLIC,NA,NA,0,OWN,YES,YES,NO,ANDHERI,MUMBAI,
P038,1007,FEMALE,14/02/2000,NA,HINDU,SC/ST,YES,HEARING,LITERATE,STUDENT,SSC,NA,NA,NA,0.00,NA,NA,NA,0,OWN,NO,YES,NO,ANDHERI,MUMBAI,
P039,1007,MALE,28/05/2002,NA,HINDU,SC/ST,NA,NA,LITERATE,STUDENT,NA,NA,NA,NA,0.00,NA,NA,NA,0,OWN,NO,YES,NO,ANDHERI,MUMBAI,
P040,1008,FEMALE,23/07/1958,WIDOWER,HINDU,OBC,NA,NA,ILLITERATE,WORKING,NA,NA,NA,SELF ,200000.00,NA,3,3,1,RENT,NO,YES,YES,DADAR,MUMBAI,
P041,1008,FEMALE,14/09/1986,UNMARRIED,HINDU,OBC,NA,NA,LITERATE,WORKING,PG,CLERK,BANKING & FINANCE,GOVERNMENT,330000.00,PUBLIC,NA,NA,0,RENT,YES,YES,YES,DADAR,MUMBAI,
P042,1008,MALE,11/02/1987,UNMARRIED,HINDU,OBC,NA,NA,LITERATE,WORKING,UG,SOFTWARE ENGINEER,IT,PRIVATE,530000.00,PRIVATE,NA,NA,0,RENT,YES,YES,YES,DADAR,MUMBAI,
P043,1009,MALE,19/12/1984,MARRIED,MUSLIM,GM,NA,NA,LITERATE,WORKING,UG,DOCTOR,HEALTH,PRIVATE,1000000.00,PRIVATE,2,2,0,RENT,YES,YES,YES,ANDHERI,MUMBAI,
P044,1009,FEMALE,21/04/1986,MARRIED,MUSLIM,GM,NA,NA,LITERATE,HOME MAKER,UG,NA,NA,NA,0.00,NA,NA,NA,0,RENT,NO,YES,YES,ANDHERI,MUMBAI,
P045,1009,MALE,02/02/2012,NA,MUSLIM,GM,NA,NA,NA,NA,NA,NA,NA,NA,0.00,NA,NA,NA,0,RENT,NO,NO,NO,ANDHERI,MUMBAI,
P046,1009,MALE,05/03/2013,NA,MUSLIM,GM,NA,NA,NA,NA,NA,NA,NA,NA,0.00,NA,NA,NA,0,RENT,NO,NO,NO,ANDHERI,MUMBAI,
P047,1010,MALE,22/11/1934,MARRIED,CHRISTIAN,GM,YES,HEARING,ILLITERATE,NA,NA,NA,NA,NA,0.00,NA,2,2,0,OWN,NO,YES,YES,CST,MUMBAI,
P048,1010,FEMALE,22/10/1941,MARRIED,CHRISTIAN,GM,NA,NA,ILLITERATE,NA,NA,NA,NA,NA,0.00,NA,NA,NA,0,OWN,NO,YES,YES,CST,MUMBAI,
P049,1010,MALE,03/09/1969,MARRIED,CHRISTIAN,GM,NA,NA,LITERATE,WORKING,PG,PROFFESSOR,EDUCATION,GOVERNMENT,326000.00,PUBLIC,1,1,0,OWN,YES,YES,YES,CST,MUMBAI,
P050,1010,FEMALE,14/07/1975,MARRIED,CHRISTIAN,GM,NA,NA,LITERATE,WORKING,UG,PROFFESSOR,EDUCATION,GOVERNMENT,410000.00,PUBLIC,NA,NA,0,OWN,YES,YES,YES,CST,MUMBAI,
P051,1010,MALE,22/01/2000,NA,CHRISTIAN,GM,NA,NA,LITERATE,STUDENT,SSC,NA,NA,NA,0.00,NA,NA,NA,0,OWN,YES,YES,YES,CST,MUMBAI,
P052,1010,MALE,23-05-1973,MARRIED,CHRISTIAN,GM,NA,NA,LITERATE,WORKING,PG,SOFTWARE ENGINEER,IT,PRIVATE,600000.00,PRIVATE,1,1,0,OWN,YES,YES,YES,CST,MUMBAI,
P053,1010,FEMALE,17/11/1976,MARRIED,CHRISTIAN,GM,NA,NA,LITERATE,NA,UG,NA,NA,NA,0.00,NA,NA,NA,0,OWN,NO,YES,YES,CST,MUMBAI,
P054,1010,FEMALE,21/04/2002,NA,CHRISTIAN,GM,NA,NA,LITERATE,STUDENT,SSC,NA,NA,NA,0.00,NA,NA,NA,0,OWN,YES,YES,YES,CST,MUMBAI,
P055,1011,MALE,23/09/1945,MARRIED,HINDU,OBC,NA,NA,ILLITERATE,WORKING,NA,BUSINESS,OTHERS,SELF EMPLOYED,500000.00,NA,1,1,0,RENT,YES,YES,YES,VASHI,MUMBAI,
P056,1011,FEMALE,07/07/1948,MARRIED,HINDU,OBC,NA,NA,ILLITERATE,NA,NA,NA,NA,NA,0.00,NA,NA,NA,0,RENT,NO,YES,NO,VASHI,MUMBAI,
P057,1011,FEMALE,14/12/1998,NA,HINDU,OBC,NA,NA,LITERATE,STUDENT,HSC,NA,NA,NA,0.00,NA,NA,NA,0,RENT,YES,YES,YES,VASHI,MUMBAI,
P058,1012,MALE,13/06/1960,MARRIED,HINDU,OBC,NA,NA,LITERATE,WORKING,PG,PROFFESSOR,EDUCATION,PRIVATE,320000.00,PUBLIC,2,2,0,OWN,YES,YES,YES,VASHI,MUMBAI,
P059,1012,FEMALE,08/02/1963,MARRIED,HINDU,OBC,NA,NA,LITERATE,WORKING,UG,POLICE,LAW & ORDER,GOVERNMENT,150000.00,PRIVATE,NA,NA,0,OWN,YES,YES,YES,VASHI,MUMBAI,
P060,1012,FEMALE,17/03/1994,UNMARRIED,HINDU,OBC,NA,NA,LITERATE,STUDENT,HSC,NA,NA,NA,0.00,NA,NA,NA,0,OWN,YES,YES,YES,VASHI,MUMBAI,
P061,1013,MALE,23/06/1976,MARRIED,MUSLIM,GM,NA,NA,LITERATE,WORKING,UG,DOCTOR,HEALTH,GOVERNMENT,800000.00,PRIVATE,2,2,0,OWN,YES,YES,YES,PANVEL,MUMBAI,
P062,1013,FEMALE,11/11/1980,MARRIED,MUSLIM,GM,NA,NA,LITERATE,WORKING,UG,SOFTWARE ENGINEER,IT,PRIVATE,340000.00,PUBLIC,NA,NA,0,OWN,YES,YES,YES,PANVEL,MUMBAI,
P063,1013,FEMALE,27/04/1994,UNMARRIED,MUSLIM,GM,NA,NA,LITERATE,STUDENT,HSC,NA,NA,NA,0.00,NA,NA,NA,0,OWN,YES,YES,YES,PANVEL,MUMBAI,
P064,1013,FEMALE,13/10/1996,NA,MUSLIM,GM,NA,NA,LITERATE,STUDENT,SSC,NA,NA,NA,0.00,NA,NA,NA,0,OWN,YES,YES,YES,PANVEL,MUMBAI,
P065,1014,MALE,22/05/1963,MARRIED,HINDU,SC/ST,NA,NA,ILLITERATE,WORKING,NA,BUSINESS,OTHERS,SELF EMPLOYED,400000.00,PUBLIC,2,2,2,OWN,NO,YES,YES,PANVEL,MUMBAI,
P066,1014,FEMALE,01/06/1965,MARRIED,HINDU,SC/ST,NA,NA,ILLITERATE,WORKING,NA,BUSINESS,OTHERS,SELF EMPLOYED,1200000.00,PUBLIC,NA,NA,0,OWN,NO,YES,YES,PANVEL,MUMBAI,
P067,1014,MALE,25/10/1991,UNMARRIED,HINDU,SC/ST,NA,NA,LITERATE,WORKING,UG,SOFTWARE ENGINEER,IT,PRIVATE,230000.00,PUBLIC,NA,NA,0,OWN,YES,YES,YES,PANVEL,MUMBAI,
P068,1014,MALE,11/04/1993,UNMARRIED,HINDU,SC/ST,NA,NA,LITERATE,WORKING,UG,DOCTOR,HEALTH,PRIVATE,3200000.00,PRIVATE,NA,NA,0,OWN,YES,YES,YES,PANVEL,MUMBAI,
P069,1015,MALE,23/06/1945,MARRIED,HINDU,SC/ST,YES,PHYSICAL,LITERATE,WORKING,UG,CLERK,OTHERS,GOVERNMENT,90000.00,PRIVATE,1,1,0,RENT,NO,YES,NO,BANDRA,MUMBAI,
P070,1015,FEMALE,18/09/1950,MARRIED,HINDU,SC/ST,NA,NA,ILLITERATE,HOME MAKER,NA,NA,NA,NA,0.00,NA,NN,NA,0,RENT,NO,YES,NO,BANDRA,MUMBAI,
P071,1015,FEMALE,11/02/1996,NA,HINDU,SC/ST,NA,NA,LITERATE,WORKING,PG,ACCOUNTANT,BANKING & FINANCE,GOVERNMENT,225000.00,PUBLIC,NA,NA,0,RENT,YES,YES,YES,BANDRA,MUMBAI,
P072,1015,MALE,02/10/2000,NA,HINDU,SC/ST,NA,NA,LITERATE,STUDENT,HSC,NA,NA,NA,0.00,NA,NA,NA,0,RENT,YES,YES,YES,BANDRA,MUMBAI,
P073,1016,MALE,19/05/1934,MARRIED,CHRISTIAN,GM,YES,HEARING,ILLITERATE,NA,NA,NA,NA,NA,0.00,NA,1,3,0,RENT,NO,YES,YES,BANDRA,MUMBAI,
P074,1016,FEMALE,23/08/1940,MARRIED,CHRISTIAN,GM,NA,NA,ILLITERATE,NA,NA,NA,NA,NA,0.00,NA,NA,NA,0,RENT,NO,YES,YES,BANDRA,MUMBAI,
P075,1016,MALE,16/07/1968,MARRIED,CHRISTIAN,GM,NA,NA,LITERATE,WORKING,PG,SOFTWARE ENGINEER,IT,PRIVATE,800000.00,PRIVATE,2,2,0,RENT,YES,YES,YES,BANDRA,MUMBAI,
P076,1016,FEMALE,27/09/1970,MARRIED,CHRISTIAN,GM,NA,NA,LITERATE,WORKING,UG,SOFTWARE ENGINEER,IT,PRIVATE,270000.00,PRIVATE,NA,NA,0,RENT,YES,YES,YES,BANDRA,MUMBAI,
P077,1016,MALE,03/04/2001,NA,CHRISTIAN,GM,NA,NA,LITERATE,STUDENT,HSC,NA,NA,NA,0.00,NA,NA,NA,0,RENT,NO,YES,YES,BANDRA,MUMBAI,
P078,1016,FEMALE,12/03/2002,NA,CHRISTIAN,GM,NA,NA,LITERATE,STUDENT,SSC,NA,NA,NA,0.00,NA,NA,NA,0,RENT,NO,YES,YES,BANDRA,MUMBAI,
P079,1017,MALE,23/11/1956,MARRIED,MUSLIM,OBC,NA,NA,LITERATE,WORKING,PG,PROFFESSOR,EDUCATION,GOVERNMENT,350000.00,PRIVATE,2,2,2,OWN,YES,YES,YES,AIROLI,MUMBAI,
P080,1017,FEMALE,07/03/1962,MARRIED,MUSLIM,OBC,NA,NA,LITERATE,WORKING,PG,TEACHER,EDUCATION,GOVERNMENT,180400.00,PUBLIC,NA,NA,2,OWN,YES,YES,YES,AIROLI,MUMBAI,
P081,1017,MALE,13/04/1990,UNMARRIED,MUSLIM,OBC,NA,NA,LITERATE,WORKING,UG,SOFTWARE ENGINEER,IT,PRIVATE,370000.00,PUBLIC,NA,NA,0,OWN,YES,YES,YES,AIROLI,MUMBAI,
P082,1017,FEMALE,22/06/1991,UNMARRIED,MUSLIM,OBC,NA,NA,LITERATE,WORKING,UG,SOFTWARE ENGINEER,IT,PRIVATE,450000.00,PUBLIC,NA,NA,0,OWN,YES,YES,YES,AIROLI,MUMBAI,
P083,1018,MALE,23-15-1954,MARRIED,HINDU,OBC,NA,NA,ILLITERATE,WORKING,NA,BUSINESS,OTHERS,NA,160000.00,NA,2,2,1,OWN,YES,YES,YES,AIROLI,MUMBAI,
P084,1018,FEMALE,11/04/1956,MARRIED,HINDU,OBC,NA,NA,ILLITERATE,HOME MAKER,NA,NA,NA,NA,0.00,NA,NA,NA,1,OWN,NO,YES,NO,AIROLI,MUMBAI,
P085,1018,MALE,28/04/1986,UNMARRIED,HINDU,OBC,NA,NA,LITERATE,WORKING,UG,SOFTWARE ENGINEER,IT,PRIVATE,220000.00,PUBLIC,NA,NA,0,OWN,YES,YES,YES,AIROLI,MUMBAI,
P086,1018,FEMALE,11/03/1987,UNMARRIED,HINDU,OBC,NA,NA,LITERATE,WORKING,UG,SOFTWARE ENGINEER,IT,PRIVATE,120000.00,PUBLIC,NA,NA,0,OWN,YES,YES,YES,AIROLI,MUMBAI,
P087,1019,MALE,16/08/1932,MARRIED,HINDU,OBC,NA,NA,ILLITERATE,NA,NA,NA,NA,NA,0.00,NA,3,3,0,OWN,NO,YES,YES,THANE,MUMBAI,
P088,1019,FEMALE,27/09/1936,MARRIED,HINDU,OBC,NA,NA,ILLITERATE,NA,NA,NA,NA,NA,0.00,NA,NA,NA,0,OWN,NO,YES,YES,THANE,MUMBAI,
P089,1019,MALE,13/04/1974,MARRIED,HINDU,OBC,NA,NA,LITERATE,WORKING,UG,CLERK,BANKING & FINANCE,GOVERNMENT,320000.00,PRIVATE,1,1,0,OWN,YES,YES,YES,THANE,MUMBAI,
P090,1019,FEMALE,10/04/1978,MARRIED,HINDU,OBC,NA,NA,LITERATE,WORKING,UG,ACCOUNTANT,BANKING & FINANCE,GOVERNMENT,120000.00,PUBLIC,1,1,0,OWN,YES,YES,YES,THANE,MUMBAI,
P091,1019,FEMALE,15/10/1991,UNMARRIED,HINDU,OBC,NA,NA,LITERATE,STUDENT,UG,NA,NA,NA,0.00,NA,NA,NA,0,OWN,YES,YES,YES,THANE,MUMBAI,
P092,1019,MALE,22/02/1976,UNMARRIED,HINDU,OBC,NA,NA,LITERATE,WORKING,UG,SOFTWARE ENGINEER,IT,PRIVATE,310000.00,PUBLIC,NA,NA,0,OWN,YES,YES,YES,THANE,MUMBAI,
P093,1019,FEMALE,09/09/1980,WIDOWER,HINDU,OBC,NA,NA,LITERATE,WORKING,PG,SOFTWARE ENGINEER,IT,PRIVATE,456000.00,PRIVATE,NA,NA,0,OWN,YES,YES,YES,THANE,MUMBAI,
P094,1020,MALE,01/12/1979,MARRIED,MUSLIM,GM,NA,NA,LITERATE,WORKING,UG,DOCTOR,HEALTH,GOVERNMENT,760000.00,PRIVATE,1,1,1,RENT,YES,YES,YES,THANE,MUMBAI,
P095,1020,FEMALE,12/07/1981,MARRIED,MUSLIM,GM,NA,NA,LITERATE,HOME MAKER,UG,NA,NA,NA,0.00,NA,NA,NA,0,RENT,YES,YES,YES,THANE,MUMBAI,
P096,1020,FEMALE,01/01/2014,NA,MUSLIM,GM,NA,NA,NA,NA,NA,NA,NA,NA,0.00,NA,NA,NA,0,RENT,YES,YES,YES,THANE,MUMBAI,
P097,1021,MALE,19/03/1961,MARRIED,CHRISTIAN,GM,NA,NA,LITERATE,WORKING,PG,SOFTWARE ENGINEER,IT,PRIVATE,27000.00,PRIVATE,2,2,0,RENT,YES,YES,YES,VASHI,MUMBAI,
P098,1021,FEMALE,26/09/1963,MARRIED,CHRISTIAN,GM,NA,NA,LITERATE,HOME MAKER,UG,NA,NA,NA,0.00,NA,NA,NA,0,RENT,NO,YES,YES,VASHI,MUMBAI,
P099,1021,MALE,11/01/2001,NA,CHRISTIAN,GM,NA,NA,LITERATE,STUDENT,HSC,NA,NA,NA,0.00,NA,NA,NA,0,RENT,NO,YES,YES,VASHI,MUMBAI,
P100,1021,FEMALE,02/02/2002,NA,CHRISTIAN,GM,NA,NA,LITERATE,STUDENT,SSC,NA,NA,NA,0.00,NA,NA,NA,0,RENT,NO,YES,YES,VASHI,MUMBAI,
P101,1022,MALE,05/05/1960,MARRIED,HINDU,GM,NA,NA,LITERATE,WORKING,UG,ARMY OFFICER,DEFENCE,GOVERNMENT,600000.00,PUBLIC,2,3,1,OWN,YES,YES,YES,JAYANAGAR,BANGALORE,
P102,1022,FEMALE,04/04/1968,MARRIED,HINDU,GM,NA,NA,LITERATE,HOME MAKER,HSC,NA,NA,NA,0.00,NA,NA,NA,0,OWN,NO,YES,YES,JAYANAGAR,BANGALORE,
P103,1022,FEMALE,13/03/1991,UNMARRIED,HINDU,GM,NA,NA,LITERATE,WORKING,UG,SOFTWARE ENGINEER,IT,PRIVATE,400000.00,PRIVATE,NA,NA,0,OWN,YES,YES,YES,JAYANAGAR,BANGALORE,
P104,1022,MALE,27/02/1993,UNMARRIED,HINDU,GM,NA,NA,LITERATE,WORKING,UG,SOFTWARE ENGINEER,IT,PRIVATE,450000.00,PRIVATE,NA,NA,0,OWN,YES,YES,YES,JAYANAGAR,BANGALORE,
P105,1023,MALE,16/08/1962,MARRIED,HINDU,GM,NA,NA,ILLITERATE,WORKING,NA,FARMER,AGRICULTURE,SELF EMPLOYED,250000.00,OWN,2,2,1,RENT,NO,YES,NO,RR NAGAR,BANGALORE,
P106,1023,FEMALE,25/01/1967,MARRIED,HINDU,GM,NA,NA,ILLITERATE,HOME MAKER,NA,NA,NA,NA,0.00,NA,NA,NA,0,RENT,NO,YES,NO,RR NAGAR,BANGALORE,
P107,1023,FEMALE,26/09/1993,UNMARRIED,HINDU,GM,NA,NA,LITERATE,STUDENT,UG,NA,NA,NA,0.00,NA,NA,NA,0,RENT,NO,YES,YES,RR NAGAR,BANGALORE,
P108,1023,FEMALE,08/08/1997,NA,HINDU,GM,NA,NA,LITERATE,STUDENT,UG,NA,NA,NA,0.00,NA,NA,NA,0,RENT,NO,YES,YES,RR NAGAR,BANGALORE,
P109,1024,FEMALE,21/02/1960,WIDOW,HINDU,OBC,YES,HEARING,ILLITERATE,HOME MAKER,NA,NA,NA,NA,0.00,NA,3,4,2,OWN,NO,YES,YES,SANJAY NAGAR,BANGALORE,
P110,1024,MALE,15/05/1982,MARRIED,HINDU,OBC,NA,NA,LITERATE,WORKING,UG,ACCOUNTANT,BANKING & FINANCE,PRIVATE,600000.00,PUBLIC,0,0,0,OWN,YES,YES,YES,SANJAY NAGAR,BANGALORE,
P111,1024,MALE,15/11/1985,UNMARRIED,HINDU,OBC,NA,NA,LITERATE,WORKING,UG,CLERK,BANKING & FINANCE,GOVERNMENT,450000.00,PRIVATE,NA,NA,0,OWN,YES,YES,YES,SANJAY NAGAR,BANGALORE,
P112,1024,FEMALE,12/03/1988,MARRIED,HINDU,OBC,NA,NA,LITERATE,WORKING,UG,DRIVER,TRANSPORT,SELF EMPLOYED,250000.00,PRIVATE,0,0,0,OWN,NO,YES,YES,SANJAY NAGAR,BANGALORE,
P113,1025,MALE,26/03/1984,MARRIED,HINDU,GM,NA,NA,LITERATE,WORKING,UG,PROFFESSOR,EDUCATION,GOVERNMENT,350000.00,PUBLIC,1,1,0,RENT,YES,YES,YES,JAYANAGAR,BANGALORE,
P114,1025,FEMALE,07/01/1988,MARRIED,HINDU,GM,NA,NA,LITERATE,HOME MAKER,HSC,NA,NA,NA,0.00,PUBLIC,NA,NA,0,RENT,NO,YES,YES,JAYANAGAR,BANGALORE,
P115,1025,FEMALE,21/07/2012,NA,HINDU,GM,NA,NA,NA,NA,NA,NA,NA,NA,0.00,NA,NA,NA,0,RENT,NO,NO,NO,JAYANAGAR,BANGALORE,
P116,1026,MALE,22/02/1961,MARRIED,CHRISTIAN,GM,NA,NA,ILLITERATE,WORKING,NA,FARMER,AGRICULTURE,SELF EMPLOYED,200000.00,OWN,1,1,2,OWN,NO,YES,YES,GANDHI NAGAR,PUNE,
P117,1026,FEMALE,04/05/1969,MARRIED,CHRISTIAN,GM,NA,NA,ILLITERATE,HOME MAKER,NA,NA,NA,NA,0.00,OWN,NA,NA,0,OWN,NO,YES,YES,GANDHI NAGAR,PUNE,
P118,1026,MALE,23/02/1993,UNMARRIED,CHRISTIAN,GM,YES,VISION,LITERATE,WORKING,UG,SOFTWARE ENGINEER,IT,PRIVATE,355000.00,OWN,NA,NA,0,OWN,NO,YES,YES,GANDHI NAGAR,PUNE,
P119,1027,MALE,03/09/1963,MARRIED,HINDU,OBC,NA,NA,LITERATE,WORKING,HSC,DRIVER,TRANSPORT,GOVERNMENT,245000.00,PUBLIC,1,2,0,OWN,NO,YES,YES,GANDHI NAGAR,PUNE,
P120,1027,FEMALE,08/08/1969,MARRIED,HINDU,OBC,NA,NA,LITERATE,HOME MAKER,SSC,NA,NA,NA,0.00,NA,NA,NA,0,OWN,NO,YES,YES,GANDHI NAGAR,PUNE,
P121,1027,MALE,03/09/1998,NA,HINDU,OBC,NA,NA,LITERATE,STUDENT,SSC,NA,NA,NA,0.00,NA,NA,NA,0,OWN,NO,YES,YES,GANDHI NAGAR,PUNE,
P122,1028,MALE,03/08/1966,MARRIED,HINDU,OBC,NA,NA,LITERATE,WORKING,SSC,FARMER,AGRICULTURE,SELF EMPLOYED,245000.00,OWN,2,2,2,RENT,NO,YES,NO,VIJAY NAGAR,BANGALORE,
P123,1028,FEMALE,12/09/1975,MARRIED,HINDU,OBC,NA,NA,ILLITERATE,WORKING,NA,DRIVER,TRANSPORT,SELF EMPLOYED,150000.00,NA,NA,NA,0,RENT,NO,YES,NO,VIJAY NAGAR,BANGALORE,
P124,1028,MALE,24/09/1995,NA,HINDU,OBC,NA,NA,LITERATE,STUDENT,SSC,NA,NA,NA,0.00,NA,NA,NA,0,RENT,NO,NO,NO,VIJAY NAGAR,BANGALORE,
P125,1028,FEMALE,15/08/1999,NA,HINDU,OBC,YES,PHYSICAL,LITERATE,STUDENT,NA,NA,NA,NA,0.00,NA,NA,NA,0,RENT,NO,NO,NO,VIJAY NAGAR,BANGALORE,
P126,1029,MALE,27/10/1961,MARRIED,CHRISTIAN,GM,YES,NA,LITERATE,WORKING,HSC,DRIVER,TRANSPORT,PRIVATE,200000.00,PUBLIC,2,2,3,OWN,YES,YES,YES,HEBBAL,BANGALORE,
P127,1029,FEMALE,12/04/1975,MARRIED,MUSLIM,OBC,NA,NA,LITERATE,WORKING,HSC,BUSINESS,OTHERS,SELF EMPLOYED,200000.00,OWN,NA,NA,0,OWN,NO,YES,YES,HEBBAL,BANGALORE,
P128,1029,MALE,23/11/1995,NA,MUSLIM,OBC,NA,NA,LITERATE,STUDENT,HSC,NA,NA,NA,0.00,NA,NA,NA,0,OWN,NO,YES,YES,HEBBAL,BANGALORE,
P129,1029,FEMALE,29/08/1996,NA,MUSLIM,OBC,NA,NA,LITERATE,STUDENT,HSC,NA,NA,NA,0.00,NA,NA,NA,0,OWN,NO,YES,YES,HEBBAL,BANGALORE,
P130,1030,MALE,23/07/1959,MARRIED,CHRISTIAN,SC/ST,NA,NA,ILLITERATE,WORKING,NA,CONTRACTOR,CIVIL,GOVERNMENT,355000.00,PRIVATE,2,2,1,OWN,YES,NO,YES,BANDRA,MUMBAI,
P131,1030,FEMALE,25/05/1973,MARRIED,CHRISTIAN,SC/ST,NA,NA,LITERATE,WORKING,HSC,BUSINESS,OTHERS,SELF EMPLOYED,255000.00,NA,NA,NA,0,OWN,NO,YES,YES,BANDRA,MUMBAI,
P132,1030,FEMALE,04/03/1991,UNMARRIED,CHRISTIAN,SC/ST,NA,NA,LITERATE,STUDENT,UG,NA,NA,NA,0.00,NA,NA,NA,0,OWN,YES,YES,YES,BANDRA,MUMBAI,
P133,1030,FEMALE,05/06/1994,UNMARRIED,CHRISTIAN,SC/ST,NA,NA,LITERATE,STUDENT,HSC,NA,NA,NA,0.00,NA,NA,NA,0,OWN,YES,NO,YES,BANDRA,MUMBAI,
P134,1031,MALE,25/09/1969,MARRIED,HINDU,GM,NA,NA,ILLITERATE,WORKING,NA,ARMY OFFICER,DEFENCE,GOVERNMENT,200000.00,PUBLIC,2,2,1,OWN,YES,YES,YES,RR NAGAR,BANGALORE,
P135,1031,FEMALE,06/12/1972,MARRIED,HINDU,GM,NA,NA,ILLITERATE,HOME MAKER,NA,NA,NA,NA,0.00,PUBLIC,NA,NA,0,OWN,NO,YES,YES,RR NAGAR,BANGALORE,
P136,1031,FEMALE,01/01/1985,MARRIED,HINDU,GM,NA,NA,LITERATE,WORKING,PG,SOFTWARE ENGINEER,IT,PRIVATE,500000.00,PRIVATE,1,1,0,RENT,YES,YES,NO,RR NAGAR,BANGALORE,
P137,1031,MALE,02/11/1988,UNMARRIED,HINDU,OBC,NA,NA,LITERATE,WORKING,PG,SOFTWARE ENGINEER,IT,PRIVATE,550000.00,OWN,NA,NA,0,RENT,YES,YES,YES,RR NAGAR,BANGALORE,
P138,1032,MALE,09/03/1945,MARRIED,HINDU,OBC,NA,NA,ILLITERATE,RETIRED,NA,NA,NA,NA,0.00,NA,3,3,2,OWN,NO,YES,YES,RR NAGAR,BANGALORE,
P139,1032,FEMALE,10/04/1955,MARRIED,HINDU,OBC,NA,NA,ILLITERATE,RETIRED,NA,NA,NA,NA,0.00,NA,NA,NA,0,OWN,NO,YES,YES,RR NAGAR,BANGALORE,
P140,1032,MALE,11/11/1975,MARRIED,HINDU,OBC,NA,NA,LITERATE,WORKING,UG,SOFTWARE ENGINEER,IT,PRIVATE,700000.00,PRIVATE,2,2,0,OWN,YES,YES,YES,RR NAGAR,BANGALORE,
P141,1032,FEMALE,12/12/1980,MARRIED,HINDU,GM,NA,NA,LITERATE,WORKING,UG,NURSE,HEALTH,PRIVATE,155000.00,OWN,NA,NA,0,OWN,NO,YES,YES,RR NAGAR,BANGALORE,
P142,1032,MALE,12/01/1996,NA,HINDU,GM,NA,NA,LITERATE,STUDENT,HSC,NA,NA,NA,0.00,NA,NA,NA,0,OWN,NO,NO,YES,RR NAGAR,BANGALORE,
P143,1032,MALE,12/02/1999,NA,HINDU,GM,NA,NA,LITERATE,STUDENT,SSC,NA,NA,NA,0.00,NA,NA,NA,0,OWN,NO,NO,YES,RR NAGAR,BANGALORE,
P144,1032,MALE,04/12/1980,UNMARRIED,HINDU,GM,NA,NA,LITERATE,WORKING,HSC,POLICE,LAW & ORDER,government,800000.00,OWN,1,1,0,OWN,YES,YES,YES,RR NAGAR,BANGALORE,
P145,1032,FEMALE,23/03/1985,MARRIED,CHRISTIAN,GM,NA,NA,LITERATE,WORKING,UG,TEACHER,EDUCATION,GOVERNMENT,345000.00,PUBLIC,NA,NA,0,OWN,NO,YES,YES,RR NAGAR,BANGALORE,
P146,1032,MALE,24/09/2000,NA,HINDU,SC/ST,NA,NA,LITERATE,STUDENT,SSC,NA,NA,NA,0.00,NA,NA,NA,0,OWN,NO,NO,YES,RR NAGAR,BANGALORE,
P147,1032,MALE,24/09/1982,MARRIED,HINDU,SC/ST,NA,NA,LITERATE,WORKING,UG,PROFFESSOR,EDUCATION,GOVERNMENT,455000.00,OWN,2,2,0,OWN,YES,YES,YES,RR NAGAR,BANGALORE,
P148,1032,FEMALE,24/08/1986,MARRIED,HINDU,SC/ST,NA,NA,LITERATE,HOME MAKER,HSC,NA,NA,NA,0.00,PUBLIC,NA,NA,0,OWN,NO,YES,YES,RR NAGAR,BANGALORE,
P149,1032,FEMALE,25/05/2011,NA,HINDU,SC/ST,NA,NA,NA,NA,NA,NA,NA,NA,0.00,NA,NA,NA,0,OWN,NO,NO,NO,RR NAGAR,BANGALORE,
P150,1032,MALE,25/09/2013,NA,HINDU,SC/ST,YES,HEARING,NA,NA,NA,NA,NA,NA,0.00,NA,NA,NA,0,OWN,NO,NO,NO,RR NAGAR,BANGALORE,
P151,1033,MALE,26/06/1970,MARRIED,OTHERS,GM,NA,NA,LITERATE,WORKING,UG,POLICE,LAW & ORDER,GOVERNMENT,367000.00,OWN,1,1,1,RENT,YES,YES,YES,RR NAGAR,BANGALORE,
P152,1033,FEMALE,26/08/1976,MARRIED,OTHERS,GM,NA,NA,LITERATE,WORKING,UG,LAWYER,LAW & ORDER,SELF EMPLOYED,300000.00,OWN,NA,NA,0,RENT,NO,YES,YES,RR NAGAR,BANGALORE,
P153,1033,FEMALE,05/07/1998,NA,OTHERS,GM,NA,NA,LITERATE,STUDENT,NA,NA,NA,NA,0.00,NA,NA,NA,0,RENT,NO,NO,NO,RR NAGAR,BANGALORE,
P154,1034,MALE,05/08/1970,MARRIED,MUSLIM,OBC,NA,NA,LITERATE,WORKING,UG,ARMY OFFICER,DEFENCE,GOVERNMENT,805000.00,PUBLIC,1,1,1,OWN,YES,YES,YES,WHITEFIELD,BANGALORE,
P155,1034,FEMALE,09/09/1978,MARRIED,MUSLIM,OBC,NA,NA,LITERATE,WORKING,UG,ACCOUNTANT,BANKING & FINANCE,PRIVATE,300000.00,PUBLIC,1,1,0,OWN,NO,YES,YES,WHITEFIELD,BANGALORE,
P156,1034,FEMALE,09/10/1992,UNMARRIED,MUSLIM,OBC,NA,NA,LITERATE,STUDENT,HSC,NA,NA,NA,0.00,PUBLIC,NA,NA,0,OWN,YES,YES,YES,VIJAY NAGAR,BANGALORE,
P157,1035,MALE,31/03/1975,MARRIED,HINDU,OBC,NA,NA,ILLITERATE,WORKING,NA,CONTRACTOR,CIVIL,GOVERNMENT,200000.00,PUBLIC,2,2,0,OWN,YES,NO,YES,VIJAY NAGAR,BANGALORE,
P158,1035,FEMALE,30/07/1980,MARRIED,HINDU,GM,NA,NA,ILLITERATE,HOME MAKER,NA,NA,NA,NA,0.00,OWN,NA,NA,0,OWN,NO,NO,YES,VIJAY NAGAR,BANGALORE,
P159,1035,MALE,12/07/1986,UNMARRIED,HINDU,GM,NA,NA,LITERATE,WORKING,UG,SOFTWARE ENGINEER,IT,PRIVATE,900000.00,PUBLIC,NA,NA,0,OWN,YES,NO,YES,VIJAY NAGAR,BANGALORE,
P160,1035,MALE,13/03/1984,MARRIED,HINDU,GM,NA,NA,LITERATE,WORKING,UG,CONTRACTOR,CIVIL,GOVERNMENT,345000.00,OWN,0,0,0,OWN,YES,YES,YES,VIJAY NAGAR,BANGALORE,
P161,1035,FEMALE,12/10/1990,MARRIED,HINDU,GM,NA,NA,LITERATE,HOME MAKER,UG,NA,NA,NA,0.00,NA,0,0,0,OWN,NO,YES,YES,VIJAY NAGAR,BANGALORE,
P162,1036,MALE,01/12/1980,MARRIED,CHRISTIAN,GM,NA,NA,LITERATE,WORKING,PG,CLERK,BANKING & FINANCE,GOVERNMENT,200000.00,OWN,1,1,0,OWN,YES,YES,YES,PANVEL,MUMBAI,
P163,1036,FEMALE,02/12/1985,MARRIED,CHRISTIAN,SC/ST,NA,NA,LITERATE,WORKING,UG,SOFTWARE ENGINEER,IT,GOVERNMENT,800000.00,PRIVATE,NA,NA,0,OWN,YES,YES,YES,PANVEL,MUMBAI,
P164,1036,FEMALE,03/09/2010,NA,CHRISTIAN,SC/ST,NA,NA,NA,NA,NA,NA,NA,NA,0.00,NA,NA,NA,0,OWN,NO,NO,NO,PANVEL,MUMBAI,
P165,1037,MALE,30/09/1960,MARRIED,MUSLIM,SC/ST,NA,NA,ILLITERATE,RETIRED,NA,NA,NA,NA,0.00,NA,3,3,3,OWN,NO,YES,YES,JAYA NAGAR,BANGALORE,
P166,1037,FEMALE,31/01/1969,MARRIED,MUSLIM,SC/ST,NA,NA,ILLITERATE,HOME MAKER,NA,NA,NA,NA,0.00,NA,NA,NA,0,OWN,NO,YES,YES,JAYA NAGAR,BANGALORE,
P167,1037,FEMALE,06/06/1989,MARRIED,MUSLIM,SC/ST,YES,HEARING,LITERATE,HOME MAKER,HSC,NA,NA,NA,0.00,OWN,NA,NA,0,OWN,NO,YES,YES,JAYA NAGAR,BANGALORE,
P168,1037,FEMALE,07/07/1990,DIVORCEE,MUSLIM,OBC,NA,NA,LITERATE,WORKING,HSC,CONTRACTOR,CIVIL,SELF EMPLOYED,100000.00,OWN,0,0,0,OWN,NO,YES,YES,JAYA NAGAR,BANGALORE,
P169,1037,FEMALE,07/12/1991,UNMARRIED,MUSLIM,OBC,NA,NA,LITERATE,WORKING,UG,CLERK,BANKING & FINANCE,GOVERNMENT,190000.00,OWN,NA,NA,0,OWN,YES,YES,YES,JAYA NAGAR,BANGALORE,
P170,1037,MALE,08/08/1981,MARRIED,MUSLIM,OBC,NA,NA,LITERATE,WORKING,PG,CONTRACTOR,CIVIL,GOVERNMENT,200000.00,PUBLIC,2,2,0,OWN,YES,YES,YES,JAYA NAGAR,BANGALORE,
P171,1037,MALE,08/09/2008,NA,MUSLIM,OBC,NA,NA,LITERATE,STUDENT,NA,NA,NA,NA,0.00,NA,NA,NA,0,OWN,NO,NO,YES,JAYA NAGAR,BANGALORE,
P172,1037,MALE,09/10/2010,NA,MUSLIM,OBC,NA,NA,NA,STUDENT,NA,NA,NA,NA,0.00,NA,NA,NA,0,OWN,NO,NO,NO,JAYA NAGAR,BANGALORE,
P173,1038,MALE,03/12/1950,MARRIED,HINDU,GM,NA,NA,LITERATE,RETIRED,UG,NA,NA,NA,0.00,NA,2,2,0,RENT,NO,YES,YES,JAYA NAGAR,BANGALORE,
P174,1038,FEMALE,02/11/1958,MARRIED,HINDU,GM,NA,NA,LITERATE,HOME MAKER,HSC,NA,NA,NA,0.00,NA,NA,NA,0,RENT,NO,YES,YES,JAYA NAGAR,BANGALORE,
P175,1038,MALE,15/08/1980,MARRIED,HINDU,GM,NA,NA,LITERATE,WORKING,PG,SOFTWARE ENGINEER,IT,PRIVATE,485000.00,PRIVATE,1,1,0,RENT,YES,YES,YES,JAYA NAGAR,BANGALORE,
P176,1038,MALE,15/09/1983,UNMARRIED,HINDU,GM,NA,NA,LITERATE,WORKING,UG,SOFTWARE ENGINEER,CIVIL,GOVERNMENT,289500.00,PRIVATE,NA,NA,0,RENT,YES,YES,YES,JAYA NAGAR,BANGALORE,
P177,1038,FEMALE,09/10/1987,MARRIED,HINDU,GM,YES,VISION,LITERATE,HOME MAKER,HSC,NA,NA,NA,0.00,PUBLIC,NA,NA,0,RENT,NO,YES,YES,JAYA NAGAR,BANGALORE,
P178,1039,MALE,21/04/1985,MARRIED,HINDU,GM,NA,NA,LITERATE,WORKING,UG,SOFTWARE ENGINEER,IT,PRIVATE,1000000.00,OWN,0,0,0,OWN,YES,YES,YES,JAYA NAGAR,BANGALORE,
P179,1039,FEMALE,29/08/1989,MARRIED,HINDU,GM,NA,NA,LITERATE,HOME MAKER,UG,NA,NA,NA,0.00,NA,0,0,0,OWN,YES,YES,YES,JAYA NAGAR,BANGALORE,
P180,1040,MALE,30/01/1973,MARRIED,HINDU,GM,NA,NA,LITERATE,WORKING,PG,SOFTWARE ENGINEER,IT,PRIVATE,200000.00,PUBLIC,0,0,0,RENT,YES,YES,YES,JAYA NAGAR,BANGALORE,
P181,1040,FEMALE,01/02/1980,MARRIED,HINDU,GM,NA,NA,LITERATE,WORKING,UG,SOFTWARE ENGINEER,IT,PRIVATE,300000.00,PRIVATE,0,0,0,RENT,YES,YES,YES,JAYA NAGAR,BANGALORE,
P182,1041,MALE,09/01/1981,MARRIED,HINDU,GM,NA,NA,LITERATE,WORKING,UG,DRIVER,TRANSPORT,GOVERNMENT,150000.00,PRIVATE,2,2,0,OWN,YES,YES,YES,HEBBAL,BANGALORE,
P183,1041,FEMALE,14/04/1985,MARRIED,HINDU,GM,NA,NA,LITERATE,HOME MAKER,UG,NA,NA,NA,0.00,NA,NA,NA,0,OWN,YES,YES,YES,HEBBAL,BANGALORE,
P184,1041,FEMALE,16/08/1968,UNMARRIED,HINDU,OBC,NA,NA,LITERATE,STUDENT,HSC,NA,NA,NA,0.00,NA,NA,NA,0,OWN,NO,NO,NO,HEBBAL,BANGALORE,
P185,1042,MALE,19/02/1950,MARRIED,HINDU,OBC,NA,NA,LITERATE,RETIRED,PG,NA,NA,NA,0.00,NA,3,3,0,OWN,NO,YES,YES,GANDHI NAGAR,PUNE,
P186,1042,FEMALE,25/03/1958,MARRIED,HINDU,OBC,NA,NA,LITERATE,HOME MAKER,HSC,NA,NA,NA,0.00,NA,NA,NA,0,OWN,NO,YES,YES,GANDHI NAGAR,PUNE,
P187,1042,MALE,23/12/1973,MARRIED,HINDU,OBC,NA,NA,LITERATE,WORKING,UG,PILOT,DEFENCE,GOVERNMENT,150000.00,PRIVATE,1,1,0,OWN,YES,YES,YES,GANDHI NAGAR,PUNE,
P188,1042,FEMALE,29/08/1979,MARRIED,HINDU,OBC,NA,NA,LITERATE,WORKING,UG,SOFTWARE ENGINEER,IT,PRIVATE,245000.00,PUBLIC,NA,NA,0,OWN,YES,YES,YES,GANDHI NAGAR,PUNE,
P189,1042,FEMALE,22/05/1990,UNMARRIED,HINDU,OBC,NA,NA,ILLITERATE,NA,NA,NA,NA,NA,0.00,NA,NA,NA,0,OWN,NO,NO,NO,GANDHI NAGAR,PUNE,
P190,1042,MALE,06/03/1972,UNMARRIED,HINDU,OBC,YES,HEARING,LITERATE,WORKING,UG,ACCOUNTANT,BANKING & FINANCE,PRIVATE,150000.00,OWN,NA,NA,0,OWN,YES,YES,YES,GANDHI NAGAR,PUNE,
P191,1043,MALE,12/05/1980,MARRIED,HINDU,OBC,NA,NA,LITERATE,WORKING,PG,PROFFESSOR,EDUCATION,PRIVATE,255000.00,OWN,2,2,0,RENT,YES,YES,YES,VIJAY NAGAR,BANGALORE,
P192,1043,FEMALE,04/09/1985,MARRIED,HINDU,SC/ST,NA,NA,LITERATE,NA,HSC,NA,NA,NA,0.00,NA,NA,NA,0,RENT,NO,YES,YES,VIJAY NAGAR,BANGALORE,
P193,1043,FEMALE,20/10/2010,NA,HINDU,SC/ST,NA,NA,LITERATE,STUDENT,NA,NA,NA,NA,0.00,NA,NA,NA,0,RENT,NO,NO,YES,VIJAY NAGAR,BANGALORE,
P194,1043,FEMALE,21/09/2012,NA,HINDU,SC/ST,YES,VISION,NA,NA,NA,NA,NA,NA,0.00,NA,NA,NA,0,RENT,NO,NO,NO,VIJAY NAGAR,BANGALORE,
P195,1044,MALE,28/03/1959,MARRIED,HINDU,GM,NA,NA,LITERATE,WORKING,UG,PROFFESSOR,EDUCATION,PRIVATE,145000.00,PRIVATE,3,3,0,OWN,NO,YES,YES,NIGADI,PUNE,
P196,1044,FEMALE,29/07/1962,MARRIED,HINDU,GM,NA,NA,LITERATE,HOME MAKER,HSC,NA,NA,NA,0.00,NA,NA,NA,0,OWN,YES,YES,YES,NIGADI,PUNE,
P197,1044,MALE,23/05/1991,UNMARRIED,HINDU,GM,NA,NA,LITERATE,WORKING,UG,SOFTWARE ENGINEER,IT,PRIVATE,300000.00,OWN,NA,NA,0,OWN,YES,YES,YES,NIGADI,PUNE,
P198,1044,MALE,24/07/1993,UNMARRIED,HINDU,GM,NA,NA,LITERATE,STUDENT,HSC,NA,NA,NA,0.00,NA,NA,NA,0,OWN,YES,NO,YES,NIGADI,PUNE,
P199,1044,FEMALE,25-8-08-1994,UNMARRIED,HINDU,GM,YES,PHYSICAL,LITERATE,STUDENT,HSC,NA,NA,NA,,NA,NA,NA,0,OWN,NO,NO,YES,NIGADI,PUNE,
P200,1045,MALE,24/08/1959,MARRIED,HINDU,OBC,NA,NA,LITERATE,WORKING,HSC,FARMER,AGRICULTURE,SELF EMPLOYED,100000.00,OWN,2,3,1,OWN,YES,YES,YES,NIGADI,PUNE,
P201,1045,FEMALE,10/12/1965,MARRIED,HINDU,OBC,NA,NA,LITERATE,HOME MAKER,SSC,NA,NA,NA,0.00,NA,NA,NA,0,OWN,YES,YES,YES,NIGADI,PUNE,
P202,1045,FEMALE,25/04/1991,UNMARRIED,HINDU,OBC,NA,NA,LITERATE,WORKING,PG,SOFTWARE ENGINEER,IT,PRIVATE,200000.00,PRIVATE,NA,NA,0,OWN,YES,YES,YES,AIROLI,MUMBAI,
P203,1046,MALE,30/03/1950,MARRIED,HINDU,GM,NA,NA,ILIITERATE,WORKING,NA,FARMER,AGRICULTURE,SELF EMPLOYED,200000.00,OWN,5,6,1,OWN,NO,YES,YES,JAYA NAGAR,BANGALORE,
P204,1046,FEMALE,07/07/1960,MARRIED,HINDU,GM,NA,NA,LITERATE,HOME MAKER,UG,NA,NA,NA,0.00,NA,NA,NA,0,OWN,NO,YES,YES,JAYA NAGAR,BANGALORE,
P205,1046,MALE,10/12/1986,UNMARRIED,HINDU,GM,NA,NA,LITERATE,WORKING,UG,BUSINESS,BANKING AND FINANCE,PRIVATE,150000.00,PRIVATE,NA,NA,0,OWN,YES,YES,YES,JAYA NAGAR,BANGALORE,
P206,1046,MALE,02/10/1994,UNMARRIED,HINDU,GM,NA,NA,LITERATE,STUDENT,UG,NA,NA,NA,0.00,PUBLIC,NA,NA,0,OWN,YES,YES,YES,JAYA NAGAR,BANGALORE,
P207,1046,MALE,10/08/1984,UNMARRIED,HINDU,GM,NA,NA,LITERATE,WORKING,UG,CONTRACTOR,CIVIL,PRIVATE,200000.00,OWN,NA,NA,0,OWN,YES,YES,YES,JAYA NAGAR,BANGALORE,
P208,1047,MALE,12/09/1976,MARRIED,HINDU,OBC,NA,NA,ILIITERATE,WORKING,NA,FARMER,AGRICULTURE,SELF EMPLOYED,230000.00,OWN,2,2,1,RENT,NO,YES,YES,RR NAGAR,BANGALORE,
P209,1047,FEMALE,03/04/1982,MARRIED,HINDU,OBC,NA,NA,LITERATE,HOME MAKER,NA,NA,NA,NA,0.00,NA,NA,NA,0,RENT,NO,YES,YES,RR NAGAR,BANGALORE,
P210,1047,FEMALE,12/08/2004,NA,HINDU,OBC,NA,NA,LITERATE,STUDENT,NA,NA,NA,NA,0.00,PUBLIC,NA,NA,0,RENT,NO,YES,YES,RR NAGAR,BANGALORE,
P211,1047,MALE,08/05/2007,NA,HINDU,OBC,NA,NA,LITERATE,STUDENT,NA,NA,NA,NA,0.00,PUBLIC,NA,NA,0,RENT,NO,YES,YES,RR NAGAR,BANGALORE,
P212,1048,MALE,13/06/1978,MARRIED,HINDU,OBC,NA,NA,LITERATE,WORKING,UG,DRIVER,TRANSPORTATION,GOVERNMENT,160000.00,PUBLIC,2,3,2,RENT,YES,YES,YES,RAJAJI NAGAR,BANGALORE,
P213,1048,FEMALE,03/05/1984,MARRIED,HINDU,OBC,NA,NA,LITERATE,HOME MAKER,SSC,NA,NA,NA,0.00,NA,NA,NA,0,RENT,YES,YES,YES,RAJAJI NAGAR,BANGALORE,
P214,1048,FEMALE,03/05/2005,NA,HINDU,OBC,NA,NA,LITERATE,STUDENT,NA,NA,NA,NA,0.00,PUBLIC,NA,NA,0,RENT,NO,YES,YES,RAJAJI NAGAR,BANGALORE,
P215,1048,FEMALE,17/05/2009,NA,HINDU,OBC,NA,NA,LITERATE,STUDENT,NA,NA,NA,NA,0.00,PUBLIC,NA,NA,0,RENT,NO,YES,YES,RAJAJI NAGAR,BANGALORE,
P216,1049,FEMALE,08/11/1948,WIDOW,HINDU,OBC,NA,NA,LITERATE,WORKING,SSC,FARMER,AGRICULTURE,NA,160000.00,PUBLIC,1,3,1,OWN,NO,YES,YES,NIGADI,PUNE,
P217,1049,MALE,31/12/1982,MARRIED,HINDU,OBC,NA,NA,LITERATE,WORKING,PG,PROFFESSOR,EDUCATION,GOVERNMENT,250000.00,PUBLIC,1,1,0,OWN,YES,YES,YES,NIGADI,PUNE,
P218,1049,FEMALE,09/10/1988,MARRIED,HINDU,OBC,NA,NA,LITERATE,HOME MAKER,UG,NA,NA,NA,0.00,NA,NA,NA,0,OWN,YES,YES,YES,NIGADI,PUNE,
P219,1049,FEMALE,11/07/2010,NA,HINDU,OBC,NA,NA,NA,NA,NA,NA,NA,NA,0.00,NA,NA,NA,0,OWN,NO,YES,NO,NIGADI,PUNE,
P220,1050,MALE,09/12/1965,MARRIED,MUSLIM,OBC,YES,PHYSICAL,ILIITERATE,WORKING,NA,CONTRACTOR,CIVIL,PRIVATE,200000.00,PUBLIC,0,1,0,RENT,NO,YES,YES,NIGADI,PUNE,
P221,1050,FEMALE,25/08/1970,MARRIED,MUSLIM,OBC,NA,NA,ILIITERATE,WORKING,NA,CONTRACTOR,CIVIL,PRIVATE,900000.00,PUBLIC,NA,NA,0,RENT,NO,YES,YES,NIGADI,PUNE,
P222,1051,MALE,05/11/1961,MARRIED,HINDU,OBC,NA,NA,LITERATE,WORKING,SSC,BUSINESS,TRANSPORTATION,GOVERNMENT,200000.00,OWN,1,1,1,OWN,YES,YES,YES,WHITEFIELD,BANGALORE,
P223,1051,FEMALE,14/02/1968,MARRIED,HINDU,OBC,NA,NA,LITERATE,HOME MAKER,HSC,NA,NA,NA,0.00,NA,1,1,0,OWN,NO,YES,YES,WHITEFIELD,BANGALORE,
P224,1051,FEMALE,05/06/1991,UNMARRIED,HINDU,OBC,NA,NA,LITERATE,WORKING,PG,SOFTWARE ENGINEER,IT,PRIVATE,250000.00,PRIVATE,NA,NA,0,OWN,YES,YES,YES,WHITEFIELD,BANGALORE,
P225,1052,FEMALE,03/01/1965,WIDOW,HINDU,OBC,NA,NA,LITERATE,WORKING,UG,NURSE,HEALTH,PRIVATE,200000.00,NA,2,2,1,OWN,YES,YES,YES,WHITEFIELD,BANGALORE,
P226,1052,FEMALE,01/07/1991,UNMARRIED,HINDU,OBC,NA,NA,LITERATE,WORKING,PG,DRIVER,TRANSPORTATION,GOVERNMENT,205000.00,PRIVATE,NA,NA,0,OWN,YES,YES,YES,WHITEFIELD,BANGALORE,
P227,1052,MALE,17/05/1998,NA,HINDU,OBC,NA,NA,LITERATE,STUDENT,SSC,NA,NA,NA,0.00,PUBLIC,NA,NA,0,OWN,NO,YES,YES,WHITEFIELD,BANGALORE,
P228,1053,MALE,15/10/1965,MARRIED,CHRSTIAN,OBC,NA,NA,LITERATE,WORKING,UG,ACCOUNTANT,BANKING AND FINANCE,PRIVATE,280000.00,PUBLIC,2,3,1,OWN,YES,YES,YES,AIROLI,MUMBAI,
P229,1053,FEMALE,27/06/1970,MARRIED,HINDU,OBC,NA,NA,LITERATE,WORKING,UG,NURSE,HEALTH,GOVERNMENT,105000.00,PRIVATE,NA,NA,0,OWN,NO,YES,YES,AIROLI,MUMBAI,
P230,1053,MALE,23/07/1991,UNMARRIED,CHRSTIAN,OBC,NA,NA,LITERATE,WORKING,UG,POLICE,LAW & ORDER,GOVERNMENT,660000.00,PRIVATE,NA,NA,0,OWN,YES,YES,YES,RAJAJI NAGAR,BANGALORE,
P231,1053,MALE,26/02/2003,NA,CHRISTIAN,OBC,NA,NA,LITERATE,STUDENT,NA,NA,NA,NA,0.00,PUBLIC,NA,NA,0,OWN,NO,YES,YES,AIROLI,MUMBAI,
P232,1054,FEMALE,16/04/1986,DIVORCEE,CHRISTIAN,OBC,NA,NA,LITERATE,WORKING,HSC,POLICE,LAW & ORDER,GOVERNMENT,100000.00,OWN,1,1,0,RENT,NO,YES,YES,AIROLI,MUMBAI,
P233,1054,FEMALE,23/06/2013,NA,CHRISTIAN,OBC,NA,NA,NA,NA,NA,NA,NA,NA,0.00,NA,NA,NA,0,RENT,NO,YES,NO,JAYA NAGAR,BANGALORE,
P234,1055,MALE,01/08/1950,MARRIED,OTHERS,OBC,NA,NA,LITERATE,RETIRED,PG,NA,NA,NA,0.00,NA,2,2,1,OWN,YES,YES,YES,HEBBAL,BANGALORE,
P235,1055,FEMALE,08/04/1960,MARRIED,OTHERS,OBC,NA,NA,LITERATE,HOME MAKER,SSC,NA,NA,NA,0.00,NA,NA,NA,0,OWN,NO,YES,NO,HEBBAL,BANGALORE,
P236,1055,MALE,16/07/1980,MARRIED,OTHERS,OBC,NA,NA,LITERATE,WORKING,PG,LAWYER,LAW & ORDER,GOVERNMENT,220000.00,OWN,0,1,0,OWN,YES,YES,YES,HEBBAL,BANGALORE,
P237,1055,FEMALE,23/09/1984,MARRIED,OTHERS,OBC,NA,NA,LITERATE,WORKING,PG,LAWYER,LAW & ORDER,GOVERNMENT,250000.00,OWN,0,1,0,OWN,YES,YES,YES,HEBBAL,BANGALORE,
P238,1055,FEMALE,17/05/1994,UNMARRIED,OTHERS,OBC,NA,NA,LITERATE,STUDENT,UG,NA,NA,NA,0.00,PUBLIC,NA,NA,0,OWN,YES,YES,YES,NIGADI,PUNE,
P239,1056,MALE,07/09/1950,MARRIED,HINDU,OBC,NA,NA,LITERATE,RETIRED,PG,NA,NA,NA,0.00,NA,2,3,0,OWN,NO,YES,NO,RR NAGAR,BANGALORE,
P240,1056,FEMALE,12/03/1958,MARRIED,HINDU,OBC,NA,NA,LITERATE,HOME MAKER,HSC,NA,NA,NA,0.00,NA,NA,NA,0,OWN,NO,YES,NO,RR NAGAR,BANGALORE,
P241,1056,MALE,04/07/1975,MARRIED,HINDU,OBC,NA,NA,LITERATE,WORKING,PG,NURSE,HEALTH,GOVERNMENT,170000.00,PRIVATE,1,1,0,OWN,YES,YES,YES,RAJAJI NAGAR,BANGALORE,
P242,1056,FEMALE,15/03/1982,MARRIED,MUSLIM,OBC,NA,NA,LITERATE,HOME MAKER,UG,NA,NA,NA,0.00,NA,NA,NA,0,OWN,NO,YES,YES,RAJAJI NAGAR,BANGALORE,
P243,1056,MALE,27/07/2009,NA,HINDU,OBC,NA,NA,LITERATE,STUDENT,NA,NA,NA,NA,0.00,NA,NA,NA,0,OWN,NO,YES,NO,RAJAJI NAGAR,BANGALORE,
P244,1057,MALE,21/06/1982,MARRIED,CHRISTIAN,OBC,NA,NA,LITERATE,WORKING,PG,PROFFESSOR,EDUCATION,PRIVATE,230000.00,PUBLIC,0,0,1,RENT,NO,YES,YES,VIJAY NAGAR,BANGALORE,
P245,1057,FEMALE,22/09/1986,MARRIED,OTHERS,OBC,NA,NA,LITERATE,WORKING,UG,PROFFESSOR,EDUCATION,GOVERNMENT,170000.00,PUBLIC,0,0,0,RENT,NO,YES,YES,VIJAY NAGAR,BANGALORE,
P246,1058,MALE,09/07/1977,MARRIED,CHRISTIAN,OBC,NA,NA,LITERATE,WORKING,PG,ACCOUNTANT,BANKING AND FINANCE,GOVERNMENT,350000.00,PUBLIC,2,2,1,RENT,YES,YES,YES,HEBBAL,BANGALORE,
P247,1058,FEMALE,08/02/1975,MARRIED,HINDU,SC/ST,NA,NA,LITERATE,WORKING,UG,CLERK,BANKING AND FINANCE,GOVERNMENT,150000.00,PUBLIC,NA,NA,0,RENT,YES,YES,YES,HEBBAL,BANGALORE,
P248,1058,MALE,02/10/1985,MARRIED,CHRISTIAN,OBC,NA,NA,LITERATE,WORKING,UG,CLERK,BANKING AND FINANCE,PRIVATE,300000.00,PUBLIC,0,1,0,RENT,YES,YES,YES,HEBBAL,BANGALORE,
P249,1058,FEMALE,26/12/1989,MARRIED,HINDU,GM,NA,NA,LITERATE,WORKING,UG,PROFFESSOR,EDUCATION,PRIVATE,150000.00,PRIVATE,NA,NA,0,RENT,YES,YES,YES,HEBBAL,BANGALORE,
P250,1058,MALE,02/07/1987,UNMARRIED,CHRISTIAN,OBC,NA,NA,LITERATE,WORKING,UG,SOFTWARE ENGINEER,IT,GOVERNMENT,200000.00,OWN,NA,NA,0,RENT,YES,YES,YES,HEBBAL,BANGALORE,
P251,1059,MALE,26/07/1954,MARRIED,MUSLIM,OBC,NA,NA,LITERATE,WORKING,HSC,CONTRACTOR,CIVIL,SELF EMPLOYED,100000.00,OWN,2,3,1,OWN,NO,YES,YES,VIJAY NAGAR,BANGALORE,
P252,1059,FEMALE,29/09/1965,MARRIED,MUSLIM,OBC,NA,NA,ILIITERATE,WORKING,NA,CONTRACTOR,CIVIL,SELF EMPLOYED,500000.00,PUBLIC,NA,NA,0,OWN,NO,YES,YES,VIJAY NAGAR,BANGALORE,
P253,1059,FEMALE,05/08/1991,UNMARRIED,MUSLIM,OBC,YES,HEARING IMPAIRMENT,LITERATE,STUDENT,UG,NA,NA,NA,0.00,PUBLIC,NA,NA,0,OWN,NO,YES,NO,VIJAY NAGAR,BANGALORE,
P254,1059,MALE,14/11/1985,MARRIED,MUSLIM,OBC,NA,NA,LITERATE,WORKING,PG,DOCTOR,HEALTH,GOVERNMENT,300000.00,OWN,0,0,0,OWN,YES,YES,YES,VIJAY NAGAR,BANGALORE,
P255,1059,FEMALE,25/08/1986,MARRIED,MUSLIM,OBC,NA,NA,LITERATE,WORKING,PG,DOCTOR,HEALTH,PRIVATE,250000.00,OWN,0,0,0,OWN,YES,YES,YES,VIJAY NAGAR,BANGALORE,
P256,1060,MALE,19/03/1951,MARRIED,HINDU,SC/ST,NA,NA,LITERATE,RETIRED,PG,NA,NA,NA,0.00,NA,3,4,1,RENT,NO,YES,YES,DADAR,MUMBAI,
P257,1060,FEMALE,28/01/1958,MARRIED,HINDU,SC/ST,NA,NA,ILIITERATE,HOME MAKER,NA,NA,NA,NA,0.00,NA,NA,NA,0,RENT,NO,YES,YES,DADAR,MUMBAI,
P258,1060,FEMALE,30/05/1987,UNMARRIED,HINDU,SC/ST,NA,NA,LITERATE,WORKING,UG,DOCTOR,HEALTH,GOVERNMENT,1500000.00,PUBLIC,NA,NA,0,RENT,NO,YES,YES,DADAR,MUMBAI,
P259,1060,FEMALE,31/05/1991,UNMARRIED,HINDU,SC/ST,NA,NA,LITERATE,STUDENT,UG,NA,NA,NA,0.00,NA,NA,NA,0,RENT,NO,YES,NO,DADAR,MUMBAI,
P260,1060,FEMALE,06/12/2000,NA,HINDU,SC/ST,YES,PHYSICAL IMPAIRMENT,ILIITERATE,NA,NA,NA,NA,NA,0.00,NA,NA,NA,0,RENT,NO,YES,NO,DADAR,MUMBAI,
P261,1061,MALE,12/08/1965,MARRIED,HINDU,GM,NA,NA,LITERATE,WORKING,SSC,FARMER,AGRICULTURE,SELF EMPLOYED,105000.00,OWN,1,1,1,OWN,NO,YES,YES,CST,MUMBAI,
P262,1061,FEMALE,09/02/1970,MARRIED,HINDU,GM,NA,NA,ILIITERATE,WORKING,NA,FARMER,AGRICULTURE,SELF EMPLOYED,105000.00,OWN,NA,NA,0,OWN,NO,YES,YES,CST,MUMBAI,
P263,1061,MALE,03/11/1991,UNMARRIED,HINDU,GM,NA,NA,LITERATE,WORKING,UG,SOFTWARE ENGINEER,IT,PRIVATE,500000.00,PRIVATE,NA,NA,0,OWN,YES,YES,YES,RAJAJI NAGAR,BANGALORE,
P264,1062,MALE,14/12/1980,MARRIED,OTHERS,OBC,NA,NA,LITERATE,WORKING,PG,PILOT,DEFENCE,GOVERNMENT,350000.00,PRIVATE,1,1,0,RENT,YES,YES,YES,HEBBAL,BANGALORE,
P265,1062,FEMALE,08/08/1985,MARRIED,OTHERS,OBC,NA,NA,LITERATE,HOME MAKER,PG,NA,NA,NA,0.00,NA,NA,NA,0,RENT,NO,YES,YES,HEBBAL,BANGALORE,
P266,1062,MALE,06/08/2011,NA,OTHERS,OBC,NA,NA,NA,NA,NA,NA,NA,NA,0.00,NA,NA,NA,0,RENT,NO,YES,NO,HEBBAL,BANGALORE,
P267,1063,MALE,16/01/1955,MARRIED,CHRISTIAN,OBC,NA,NA,LITERATE,RETIRED,PG,NA,NA,NA,0.00,NA,1,1,0,OWN,NO,YES,YES,HEBBAL,BANGALORE,
P268,1063,FEMALE,14/09/1960,MARRIED,CHRISTIAN,OBC,NA,NA,LITERATE,RETIRED,UG,NA,NA,NA,0.00,NA,NA,NA,0,OWN,NO,YES,YES,HEBBAL,BANGALORE,
P269,1063,MALE,13/03/1986,UNMARRIED,CHRISTIAN,OBC,NA,NA,LITERATE,WORKING,PG,DRIVER,TRANSPORTATION,GOVERNMENT,200000.00,PRIVATE,NA,NA,0,OWN,YES,YES,YES,HEBBAL,BANGALORE,
P270,1064,FEMALE,26/07/1960,WIDOW,OTHERS,OBC,NA,NA,ILIITERATE,WORKING,NA,PILOT,DEFENCE,GOVERNMENT,800000.00,OWN,2,2,1,RENT,NO,YES,YES,WHITEFIELD,BANGALORE,
P271,1064,FEMALE,19/04/1992,UNMARRIED,OTHERS,OBC,NA,NA,LITERATE,STUDENT,UG,NA,NA,NA,0.00,PUBLIC,NA,NA,0,RENT,NO,YES,YES,WHITEFIELD,BANGALORE,
P272,1064,FEMALE,02/01/1986,MARRIED,OTHERS,OBC,NA,NA,LITERATE,WORKING,UG,PROFFESSOR,EDUCATION,GOVERNMENT,200000.00,PUBLIC,0,0,0,RENT,YES,YES,YES,WHITEFIELD,BANGALORE,
P273,1064,MALE,29/10/1982,MARRIED,OTHERS,OBC,NA,NA,LITERATE,WORKING,UG,DRIVER,TRANSPORTATION,PRIVATE,105000.00,PUBLIC,0,0,0,RENT,NO,YES,YES,WHITEFIELD,BANGALORE,
P274,1065,MALE,27/06/1965,MARRIED,HINDU,SC/ST,NA,NA,LITERATE,WORKING,UG,NURSE,HEALTH,GOVERNMENT,600000.00,PUBLIC,1,1,1,OWN,YES,YES,YES,RAJAJI NAGAR,BANGALORE,
P275,1065,FEMALE,17/07/1973,MARRIED,HINDU,GM,NA,NA,LITERATE,WORKING,HSC,BUSINESS,TRANSPORTATION,SELF EMPLOYED,800000.00,PUBLIC,NA,NA,0,OWN,NO,YES,YES,RAJAJI NAGAR,BANGALORE,
P276,1065,MALE,15/09/1995,NA,HINDU,GM,NA,NA,LITERATE,STUDENT,SSC,NA,NA,NA,0.00,PUBLIC,NA,NA,0,OWN,NO,YES,YES,RAJAJI NAGAR,BANGALORE,
P277,1065,MALE,14/09/1970,UNMARRIED,HINDU,GM,YES,VISION ,LITERATE,NA,NA,NA,NA,NA,0.00,NA,NA,NA,0,OWN,NO,YES,NO,RAJAJI NAGAR,BANGALORE,
P278,1066,FEMALE,25/12/1950,WIDOW,MUSLIM,OBC,NA,NA,ILIITERATE,WORKING,NA,FARMER,AGRICULTURE,SELF EMPLOYED,100000.00,OWN,1,2,1,OWN,NO,YES,NO,GANDHI NAGAR,PUNE,
P279,1066,MALE,26/04/1978,MARRIED,MUSLIM,OBC,NA,NA,LITERATE,WORKING,PG,DOCTOR,HEALTH,GOVERNMENT,200000.00,PRIVATE,1,1,0,RENT,YES,YES,YES,GANDHI NAGAR,PUNE,
P280,1066,FEMALE,19/05/1984,MARRIED,MUSLIM,OBC,NA,NA,LITERATE,HOME MAKER,UG,NA,NA,NA,0.00,NA,NA,NA,0,RENT,YES,YES,YES,GANDHI NAGAR,PUNE,
P281,1066,FEMALE,06/02/2010,NA,MUSLIM,OBC,NA,NA,NA,NA,NA,NA,NA,NA,0.00,NA,NA,NA,0,RENT,NO,YES,NO,GANDHI NAGAR,PUNE,
P282,1067,MALE,01/02/1970,MARRIED,HINDU,GM,NA,NA,LITERATE,WORKING,UG,CLERK,BANKING AND FINANCE,GOVERNMENT,200000.00,OWN,2,3,0,RENT,YES,YES,YES,VIJAY NAGAR,BANGALORE,
P283,1067,FEMALE,21/03/1980,MARRIED,HINDU,GM,NA,NA,LITERATE,HOME MAKER,SSC,NA,NA,NA,0.00,NA,,,0,RENT,NO,YES,YES,VIJAY NAGAR,BANGALORE,
P284,1067,FEMALE,25/09/2005,NA,HINDU,GM,NA,NA,LITERATE,STUDENT,SSC,NA,NA,NA,0.00,PUBLIC,NA,NA,0,RENT,NO,YES,YES,AIROLI,MUMBAI,
P285,1067,MALE,19/02/2008,UNMARRIED,HINDU,GM,NA,NA,LITERATE,STUDENT,SSC,NA,NA,NA,0.00,PUBLIC,NA,NA,0,RENT,NO,YES,YES,AIROLI,MUMBAI,
P286,1068,MALE,28/03/1986,MARRIED,OTHERS,OBC,NA,NA,LITERATE,WORKING,UG,ACCOUNTANT,BANKING AND FINANCE,GOVERNMENT,200000.00,PRIVATE,1,1,0,RENT,YES,YES,YES,HEBBAL,BANGALORE,
P287,1068,FEMALE,24/07/1990,MARRIED,OTHERS,OBC,NA,NA,LITERATE,WORKING,UG,CLERK,BANKING AND FINANCE,GOVERNMENT,180000.00,PRIVATE,NA,NA,0,RENT,YES,YES,YES,HEBBAL,BANGALORE,
P288,1068,MALE,25/01/2014,NA,OTHERS,OBC,NA,NA,NA,NA,NA,NA,NA,NA,0.00,NA,NA,NA,0,RENT,NO,YES,NO,HEBBAL,BANGALORE,
P289,1069,MALE,17/07/1961,MARRIED,HINDU,OBC,NA,NA,LITERATE,WORKING,HSC,PILOT,DEFENCE,GOVERNMENT,20000.00,NA,2,3,0,OWN,NO,YES,YES,JAYA NAGAR,BANGALORE,
P290,1069,FEMALE,01/05/1965,MARRIED,HINDU,OBC,NA,NA,LITERATE,WORKING,UG,NURSE,HEALTH,PRIVATE,20000.00,PRIVATE,NA,NA,1,OWN,YES,YES,YES,JAYA NAGAR,BANGALORE,
P291,1069,MALE,03/07/1994,UNMARRIED,HINDU,OBC,NA,NA,LITERATE,WORKING,UG,POLICE,LAW & ORDER,GOVERNMENT,25000.00,PUBLIC,NA,NA,0,OWN,YES,YES,YES,JAYA NAGAR,BANGALORE,
P292,1069,MALE,13/07/1991,UNMARRIED,HINDU,OBC,NA,NA,LITERATE,WORKING,UG,LAWYER,LAW & ORDER,PRIVATE,23000.00,PRIVATE,NA,NA,0,OWN,YES,YES,YES,THANE,MUMBAI,
P293,1070,MALE,05/04/1961,MARRIED,HINDU,OBC,NA,NA,LITERATE,WORKING,UG,POLICE,LAW & ORDER,GOVERNMENT,18000.00,PUBLIC,4,4,1,OWN,YES,YES,YES,WHITEFIELD,BANGALORE,
P294,1070,FEMALE,03/10/1966,MARRIED,HINDU,OBC,NA,NA,LITERATE,WORKING,UG,DRIVER,TRANSPORTATION,PRIVATE,15000.00,OWN,NA,NA,0,OWN,YES,YES,YES,WHITEFIELD,BANGALORE,
P295,1070,MALE,31/01/1987,MARRIED,HINDU,OBC,NA,NA,LITERATE,WORKING,PG,DOCTOR,HEALTH,GOVERNMENT,900000.00,PUBLIC,0,0,0,OWN,YES,YES,YES,HADAPSAR,PUNE,
P296,1070,MALE,27/02/1990,UNMARRIED,HINDU,OBC,NA,NA,LITERATE,STUDENT,PG,NA,NA,NA,0.00,PUBLIC,NA,NA,0,OWN,YES,YES,YES,WHITEFIELD,BANGALORE,
P297,1070,MALE,01/07/1991,UNMARRIED,HINDU,OBC,NA,NA,LITERATE,WORKING,UG,SOFTWARE ENGINEER,IT,PRIVATE,230000.00,PRIVATE,NA,NA,0,OWN,YES,YES,YES,THANE,MUMBAI,
P298,1070,FEMALE,20/12/1987,MARRIED,HINDU,OBC,NA,NA,LITERATE,WORKING,UG,DOCTOR,HEALTH,GOVERNMENT,230000.00,PUBLIC,0,0,0,OWN,YES,YES,YES,HADAPSAR,PUNE,
P299,1070,FEMALE,22/04/1995,NA,HINDU,OBC,NA,NA,LITERATE,STUDENT,UG,NA,NA,NA,,PUBLIC,NA,NA,0,OWN,NO,YES,YES,WHITEFIELD,BANGALORE,
P300,1071,MALE,23/12/1960,MARRIED,HINDU,GM,NA,NA,LITERATE,WORKING,UG,SOFTWARE ENGINEER,IT,PRIVATE,600000.00,PRIVATE,2,2,0,OWN,YES,YES,YES,NIGADI,PUNE,
P301,1071,FEMALE,03/04/1965,MARRIED,HINDU,GM,NA,NA,LITERATE,HOME MAKER,UG,NA,NA,NA,0.00, NA,NA,NA,0,OWN,NO,YES,YES,NIGADI,PUNE,
P302,1071,MALE,05/05/1991,UNMARRIED,HINDU,GM,NA,NA,LITERATE,WORKING,UG,SOFTWARE ENGINEER,IT,PRIVATE,300000.00,PRIVATE,0,0,0,OWN,YES,YES,YES,NIGADI,PUNE,
P303,1071,FEMALE,16/08/1994,UNMARRIED,HINDU,GM,NA,NA,LITERATE,STUDENT,HSC,NA,NA,NA,0.00,NA,0,0,0,OWN,NO,YES,YES,NIGADI,PUNE,
P304,1072,MALE,13/11/1957,MARRIED,HINDU,GM,NA,NA,LITERATE,WORKING,PG,PROFFESSOR,EDUCATION,PRIVATE,800000.00,PUBLIC,1,2,1,OWN,YES,YES,YES,NIGADI,PUNE,
P305,1072,FEMALE,25/07/1963,MARRIED,HINDU,GM,NA,NA,LITERATE,WORKING,UG,PROFFESSOR,EDUCATION,GOVERNMENT,600000.00,OWN,NA,NA,0,OWN,YES,YES,YES,NIGADI,PUNE,
P306,1072,FEMALE,06/04/1998,NA,HINDU,GM,YES,PHYSICAL,LITERATE,STUDENT,SSC,NA,NA,NA,0.00,OWN,0,0,0,OWN,YES,YES,YES,NIGADI,PUNE,
P307,1073,FEMALE,19/03/1969,WIDOW,HINDU,GM,NA,NA,ILLITERATE,WORKING,NA,POLICE,LAW & ORDER,GOVERNMENT,50000.00,PUBLIC,5,5,1,OWN,NO,YES,YES,NIGADI,PUNE,
P308,1073,FEMALE,27/05/1999,NA,HINDU,GM,NA,NA,ILLITERATE,WORKING,NA,LAWYER,LAW & ORDER,GOVERNMENT,35000.00,PUBLIC,NA,NA,0,OWN,NO,YES,YES,NIGADI,PUNE,
P309,1073,MALE,20/08/2000,NA,HINDU,GM,NA,NA,LITERATE,STUDENT,NA,NA,NA,NA,,NA,NA,NA,0,OWN,NO,YES,YES,NIGADI,PUNE,
P310,1073,FEMALE,02/11/2001,NA,HINDU,GM,NA,NA,ILLITERATE,WORKING,NA,NURSE,HEALTH,PRIVATE,35000.00,PUBLIC,NA,NA,0,OWN,NO,YES,YES,NIGADI,PUNE,
P311,1073,FEMALE,15/12/2002,NA,HINDU,GM,NA,NA,LITERATE,STUDENT,NA,NA,NA,NA,,NA,NA,NA,0,OWN,NO,YES,YES,NIGADI,PUNE,
P312,1073,MALE,20/06/2003,NA,HINDU,GM,NA,NA,LITERATE,STUDENT,NA,NA,NA,NA,,NA,NA,NA,0,OWN,NO,YES,YES,NIGADI,PUNE,
P313,1074,MALE,15/02/1945,MARRIED,HINDU,OBC,NA,NA,ILLITERATE,NA,NA,NA,NA,NA,0.00,NA,1,1,0,OWN,NO,YES,YES,NIGADI,PUNE,
P314,1074,FEMALE,09/10/1955,MARRIED,HINDU,OBC,NA,NA,ILLITERATE,NA,NA,NA,NA,NA,0.00,NA,NA,NA,0,OWN,NO,YES,YES,NIGADI,PUNE,
P315,1074,MALE,07/07/1968,MARRIED,HINDU,OBC,NA,NA,LITERATE,WORKING,PG,ACCOUNTANT,BANKING & FINANACE,PRIVATE,956407.00,PRIVATE,2,2,0,OWN,YES,YES,YES,NIGADI,PUNE,
P316,1074,FEMALE,29/11/1974,MARRIED,HINDU,OBC,NA,NA,LITERATE,HOME MAKER,UG,NA,NA,NA,0.00,NA,NA,NA,0,OWN,NO,YES,YES,NIGADI,PUNE,
P317,1074,MALE,03/08/1996,NA,HINDU,OBC,NA,NA,LITERATE,STUDENT,HSC,NA,NA,NA,0.00,NA,NA,NA,0,OWN,NO,YES,YES,NIGADI,PUNE,
P318,1074,FEMALE,18/04/1998,NA,HINDU,OBC,NA,NA,LITERATE,STUDENT,SSC,NA,NA,NA,0.00,NA,NA,NA,0,OWN,NO,YES,YES,NIGADI,PUNE,
P319,1075,MALE,05/05/1960,MARRIED,HINDU,OBC,NA,NA,LITERATE,WORKING,UG,DOCTOR,HEALTH,GOVERNMENT,1000000.00,OWN,2,3,0,OWN,YES,YES,YES,SHIVAJI NAGAR,PUNE,
P320,1075,FEMALE,27/02/1968,MARRIED,HINDU,OBC,NA,NA,LITERATE,HOME MAKER,UG,PROFFESSOR,EDUCATION,GOVERNMENT,800000.00,PRIVATE,NA,NA,0,OWN,NO,YES,YES,SHIVAJI NAGAR,PUNE,
P321,1075,FEMALE,26/12/1991,UNMARRIED,HINDU,OBC,NA,NA,LITERATE,STUDENT,UG,SOFTWARE ENGINEER,IT,NA,310008.00,PRIVATE,NA,NA,0,OWN,YES,YES,YES,SHIVAJI NAGAR,PUNE,
P322,1075,MALE,27/04/1994,UNMARRIED,HINDU,OBC,NA,NA,LITERATE,STUDENT,HSC,NA,NA,NA,0.00,NA,NA,NA,0,OWN,YES,YES,YES,SHIVAJI NAGAR,PUNE,
P323,1076,MALE,04/07/1960,MARRIED,HINDU,OBC,NA,NA,LITERATE,WORKING,HSC,DRIVER,TRANSPORT,SELF EMPLOYED,35000.00,OWN,3,3,0,OWN,YES,YES,YES,SHIVAJI NAGAR,PUNE,
P324,1076,FEMALE,19/05/1968,MARRIED,HINDU,OBC,NA,NA,LITERATE,HOME MAKER,SSC,NA,NA,NA,,NA,NA,NA,0,OWN,NO,YES,YES,SHIVAJI NAGAR,PUNE,
P325,1076,MALE,29/11/1998,NA,HINDU,OBC,NA,NA,LITERATE,STUDENT,SSC,NA,NA,NA,,NA,NA,NA,0,OWN,NO,NO,NO,SHIVAJI NAGAR,PUNE,
P326,1076,MALE,14/12/2000,NA,HINDU,OBC,YES,VISION,LITERATE,STUDENT,NA,NA,NA,NA,,NA,NA,NA,0,OWN,NO,YES,YES,SHIVAJI NAGAR,PUNE,
P327,1076,FEMALE,08/03/2003,NA,HINDU,OBC,NA,NA,LITERATE,STUDENT,NA,NA,NA,NA,,NA,NA,NA,0,OWN,NO,YES,YES,SHIVAJI NAGAR,PUNE,
P328,1077,MALE,27/04/1963,MARRIED,CHRISTIAN,OBC,NA,NA,LITERATE,WORKING,UG,SOFTWARE ENGINEER,IT,NA,300000.00,PRIVATE,2,2,0,RENT,YES,YES,YES,SHIVAJI NAGAR,PUNE,
P329,1077,FEMALE,30/12/1969,MARRIED,CHRISTIAN,OBC,NA,NA,LITERATE,WORKING,HSC,NURSE,HEALTH,PRIVATE,,OWN,NA,NA,0,RENT,YES,YES,YES,SHIVAJI NAGAR,PUNE,
P330,1077,MALE,03/08/1991,UNMARRIED,CHRISTIAN,SC/ST,NA,NA,LITERATE,WORKING,UG,SOFTWARE ENGINEER,IT,NA,300000.00,PUBLIC,NA,NA,0,RENT,YES,YES,YES,SHIVAJI NAGAR,PUNE,
P331,1077,FEMALE,25/08/1993,UNMARRIED,CHRISTIAN,SC/ST,YES,HEARING,LITERATE,STUDENT,HSC,NA,NA,NA,,NA,NA,NA,0,RENT,NO,YES,YES,SHIVAJI NAGAR,PUNE,
P332,1078,MALE,07/01/1953,MARRIED,CHRISTIAN,SC/ST,NA,NA,LITERATE,WORKING,PG,DRIVER,TRANSPORT,PRIVATE,37000.00,OWN,2,2,0,OWN,YES,YES,YES,SHIVAJI NAGAR,PUNE,
P333,1078,FEMALE,20/09/1955,MARRIED,CHRISTIAN,SC/ST,NA,NA,LITERATE,HOME MAKER,UG,NA,NA,NA,,NA,NA,NA,0,OWN,NO,YES,YES,SHIVAJI NAGAR,PUNE,
P334,1078,MALE,28/08/1987,UNMARRIED,CHRISTIAN,SC/ST,NA,NA,LITERATE,WORKING,PG,PROFFESSOR,EDUCATION,PRIVATE,600000.00,PUBLIC,NA,NA,0,OWN,YES,YES,YES,SHIVAJI NAGAR,PUNE,
P335,1078,FEMALE,17/07/1991,UNMARRIED,CHRISTIAN,SC/ST,NA,NA,LITERATE,WORKING,UG,PROFFESSOR,EDUCATION,PRIVATE,600000.00,PUBLIC,NA,NA,0,OWN,YES,YES,YES,SHIVAJI NAGAR,PUNE,
P336,1079,MALE,11/06/1960,MARRIED,CHRISTIAN,SC/ST,NA,NA,LITERATE,WORKING,UG,DOCTOR,HEALTH,GOVERNMENT,,OWN,3,3,0,OWN,YES,YES,YES,SHIVAJI NAGAR,PUNE,
P337,1079,FEMALE,26/10/1987,MARRIED,CHRISTIAN,SC/ST,NA,NA,LITERATE,HOME MAKER,UG,NA,NA,NA,,NA,NA,NA,0,OWN,NO,YES,YES,SHIVAJI NAGAR,PUNE,
P338,1079,MALE,14/07/1991,UNMARRIED,CHRISTIAN,SC/ST,NA,NA,LITERATE,WORKING,UG,CLERK,BANKING & FINANACE,GOVERNMENT,900000.00,PRIVATE,NA,NA,0,OWN,YES,YES,YES,SHIVAJI NAGAR,PUNE,
P339,1079,MALE,14/07/1993,UNMARRIED,CHRISTIAN,SC/ST,YES,INTELLECTUAL,LITERATE,STUDENT,HSC,NA,NA,NA,,NA,NA,NA,0,OWN,NO,YES,YES,SHIVAJI NAGAR,PUNE,
P340,1079,FEMALE,17/05/1995,NA,CHRISTIAN,SC/ST,NA,NA,LITERATE,STUDENT,HSC,NA,NA,NA,,NA,NA,NA,0,OWN,NO,YES,YES,SHIVAJI NAGAR,PUNE,
P341,1080,MALE,01/06/1966,MARRIED,CHRISTIAN,SC/ST,NA,NA,LITERATE,WORKING,UG,POLICE,LAW & ORDER,GOVERNMENT,500000.00,PUBLIC,1,1,0,RENT,YES,YES,YES,SHIVAJI NAGAR,PUNE,
P342,1080,FEMALE,11/05/1973,MARRIED,CHRISTIAN,SC/ST,NA,NA,ILLITERATE,HOME MAKER,NA,NA,NA,NA,,NA,NA,NA,0,RENT,NO,YES,YES,SHIVAJI NAGAR,PUNE,
P343,1080,FEMALE,02/07/1991,UNMARRIED,CHRISTIAN,SC/ST,NA,NA,LITERATE,WORKING,UG,SOFTWARE ENGINEER,IT,PRIVATE,300000.00,PRIVATE,NA,NA,0,RENT,YES,NO,NO,SHIVAJI NAGAR,PUNE,
P344,1081,FEMALE,05/06/1960,DIVORCEE,HINDU,SC/ST,NA,NA,LITERATE,WORKING,PG,PROFFESSOR,EDUCATION,PRIVATE,600000.00,PUBLIC,1,1,0,RENT,YES,YES,YES,HADAPSAR,PUNE,
P345,1081,MALE,19/12/1991,UNMARRIED,HINDU,SC/ST,NA,NA,LITERATE,WORKING,UG,SOFTWARE ENGINEER,IT,PRIVATE,300000.00,PRIVATE,NA,NA,0,RENT,YES,YES,YES,HADAPSAR,PUNE,
P346,1082,MALE,21/11/1955,MARRIED,HINDU,GM,NA,NA,LITERATE,WORKING,UG,LAWYER,LAW & ORDER,SELF EMPLOYED,980567.00,OWN,2,2,0,OWN,YES,YES,YES,HADAPSAR,PUNE,
P347,1082,FEMALE,18/10/1954,MARRIED,HINDU,GM,NA,NA,LITERATE,HOME MAKER,HSC,NA,NA,NA,,NA,NA,NA,0,OWN,NO,YES,YES,HADAPSAR,PUNE,
P348,1082,MALE,09/10/1960,UNMARRIED,HINDU,GM,NA,NA,LITERATE,STUDENT,UG,SOFTWARE ENGINEER,IT,GOVERNMENT,300000.00,PRIVATE,NA,NA,0,OWN,NO,YES,YES,HADAPSAR,PUNE,
P349,1082,FEMALE,22/09/1999,NA,HINDU,GM,NA,NA,LITERATE,STUDENT,SSC,NA,NA,NA,,NA,NA,NA,0,OWN,NO,YES,YES,HADAPSAR,PUNE,
P350,1083,MALE,15/09/1968,MARRIED,MUSLIM,GM,NA,NA,LITERATE,WORKING,UG,NURSE,HEALTH,PRIVATE,32687.00,PUBLIC,2,2,0,RENT,NO,YES,YES,HADAPSAR,PUNE,
P351,1083,FEMALE,28/07/1968,MARRIED,MUSLIM,GM,NA,NA,LITERATE,HOME MAKER,SSC,NA,NA,NA,0.00,NA,NA,NA,0,RENT,NO,YES,YES,HADAPSAR,PUNE,
P352,1083,FEMALE,14/02/1992,UNMARRIED,MUSLIM,GM,NA,NA,LITERATE,STUDENT,UG,SOFTWARE ENGINEER,IT,PRIVATE,300000.00,PRIVATE,NA,NA,0,RENT,YES,YES,YES,HADAPSAR,PUNE,
P353,1083,FEMALE,26/03/1996,NA,MUSLIM,GM,YES,PHYSICAL,LITERATE,STUDENT,HSC,NA,NA,NA,0.00,NA,NA,NA,0,RENT,NO,YES,YES,HADAPSAR,PUNE,
P354,1084,MALE,06/06/1958,MARRIED,MUSLIM,SC/ST,NA,NA,LITERATE,WORKING,UG,PROFFESSOR,EDUCATION,GOVERNMENT,500000.00,OWN,1,2,1,OWN,YES,YES,YES,HADAPSAR,PUNE,
P355,1084,FEMALE,17/07/1968,MARRIED,MUSLIM,SC/ST,NA,NA,LITERATE,HOME MAKER,HSC,NA,NA,NA,0.00,NA,NA,NA,0,OWN,NO,YES,YES,HADAPSAR,PUNE,
P356,1084,MALE,30/07/1987,MARRIED,MUSLIM,SC/ST,NA,NA,LITERATE,WORKING,UG,SOFTWARE ENGINEER,IT,PRIVATE,300000.00,PRIVATE,0,0,0,OWN,YES,YES,YES,HADAPSAR,PUNE,
P357,1084,FEMALE,14/03/1990,MARRIED,MUSLIM,SC/ST,NA,NA,LITERATE,HOME MAKER,UG,NA,NA,NA,0.00,NA,0,0,0,OWN,NO,YES,YES,HADAPSAR,PUNE,
P358,1084,MALE,24/08/1960,MARRIED,MUSLIM,SC/ST,NA,NA,LITERATE,WORKING,HSC,DRIVER,TRANSPORT,SELF EMPLOYED,65000.00,PUBLIC,2,2,0,OWN,YES,YES,YES,HADAPSAR,PUNE,
P359,1084,FEMALE,22/05/1966,MARRIED,MUSLIM,SC/ST,NA,NA,ILLITERATE,HOME MAKER,NA,NA,NA,NA,0.00,NA,NA,NA,0,OWN,NO,YES,NO,HADAPSAR,PUNE,
P360,1084,MALE,16/01/1991,UNMARRIED,MUSLIM,SC/ST,NA,NA,LITERATE,WORKING,UG,PROFFESSOR,EDUCATION,PRIVATE,450000.00,OWN,NA,NA,0,OWN,YES,YES,YES,HADAPSAR,PUNE,
P361,1084,FEMALE,01/01/1995,NA,MUSLIM,SC/ST,NA,NA,LITERATE,STUDENT,HSC,NA,NA,NA,0.00,NA,NA,NA,0,OWN,NO,YES,YES,HADAPSAR,PUNE,
P362,1085,MALE,21/09/1960,MARRIED,MUSLIM,OBC,NA,NA,LITERATE,WORKING,UG,SOFTWARE ENGINEER,IT,PRIVATE,400000.00,PRIVATE,2,2,1,RENT,YES,YES,YES,HADAPSAR,PUNE,
P363,1085,MALE,15/03/1968,MARRIED,MUSLIM,OBC,NA,NA,LITERATE,HOME MAKER,UG,NA,NA,NA,0.00,NA,NA,NA,0,RENT,NO,YES,YES,HADAPSAR,PUNE,
P364,1085,FEMALE,03/01/1991,UNMARRIED,MUSLIM,OBC,NA,NA,LITERATE,STUDENT,UG,NA,NA,NA,0.00,NA,NA,NA,0,RENT,NO,YES,YES,HADAPSAR,PUNE,
P365,1085,FEMALE,13/02/1998,NA,MUSLIM,OBC,NA,NA,LITERATE,STUDENT,SSC,NA,NA,NA,0.00,NA,NA,NA,0,RENT,NO,YES,YES,HADAPSAR,PUNE,
P366,1086,FEMALE,24/06/1949,WIDOW,MUSLIM,OBC,NA,NA,ILLITERATE,NA,NA,NA,NA,NA,0.00,NA,2,3,1,OWN,NO,NO,NO,AKURDI,PUNE,
P367,1086,MALE,08/02/1960,MARRIED,MUSLIM,OBC,NA,NA,LITERATE,WORKING,HSC,NURSE,HEALTH,PRIVATE,60000.00,PUBLIC,2,2,0,OWN,YES,YES,YES,AKURDI,PUNE,
P368,1086,FEMALE,05/04/1966,MARRIED,MUSLIM,OBC,NA,NA,LITERATE,HOME MAKER,SSC,NA,NA,NA,0.00,NA,NA,NA,0,OWN,NO,YES,YES,AKURDI,PUNE,
P369,1086,MALE,17/07/1991,UNMARRIED,MUSLIM,OBC,NA,NA,LITERATE,WORKING,UG,SOFTWARE ENGINEER,IT,GOVERNMENT,560000.00,PRIVATE,NA,NA,0,OWN,YES,YES,YES,AKURDI,PUNE,
P370,1086,FEMALE,18/06/1998,UNMARRIED,MUSLIM,OBC,NA,NA,LITERATE,STUDENT,SSC,NA,NA,NA,0.00,NA,NA,NA,0,OWN,NO,YES,YES,AKURDI,PUNE,
P371,1086,MALE,23/08/1962,UNMARRIED,MUSLIM,OBC,NA,NA,LITERATE,WORKING,HSC,NURSE,HEALTH,GOVERNMENT,100000.00,OWN,NA,NA,0,OWN,YES,YES,YES,AKURDI,PUNE,
P372,1087,MALE,17/02/1967,MARRIED,CHRISTIAN,GM,NA,NA,LITERATE,WORKING,PG,ACCOUNTANT,BANKING & FINANACE,GOVERNMENT,806780.00,OWN,2,2,0,RENT,YES,YES,YES,AKURDI,PUNE,
P373,1087,FEMALE,17/04/1968,MARRIED,CHRISTIAN,GM,NA,NA,LITERATE,WORKING,PG,CLERK,BANKING & FINANACE,PRIVATE,900000.00,OWN,NA,NA,0,RENT,YES,YES,YES,AKURDI,PUNE,
P374,1087,FEMALE,26/10/1991,UNMARRIED,CHRISTIAN,GM,YES,INTELLECTUAL,ILLITERATE,NA,NA,NA,NA,NA,0.00,NA,NA,NA,0,RENT,NO,YES,YES,AKURDI,PUNE,
P375,1087,FEMALE,19/07/2003,UNMARRIED,CHRISTIAN,GM,NA,NA,LITERATE,STUDENT,SSC,NA,NA,NA,0.00,NA,NA,NA,0,RENT,NO,YES,YES,AKURDI,PUNE,
P376,1088,MALE,20/11/1968,MARRIED,MUSLIM,OBC,NA,NA,LITERATE,WORKING,UG,ACCOUNTANT,BANKING & FINANACE,GOVERNMENT,800000.00,PRIVATE,1,1,0,OWN,YES,YES,YES,AKURDI,PUNE,
P377,1088,FEMALE,21/04/1968,MARRIED,MUSLIM,OBC,NA,NA,LITERATE,WORKING,UG,CLERK,BANKING & FINANACE,GOVERNMENT,800000.00,PRIVATE,NA,NA,0,OWN,YES,YES,YES,AKURDI,PUNE,
P378,1088,MALE,17/07/1991,UNMARRIED,MUSLIM,OBC,NA,NA,LITERATE,WORKING,UG,PILOT,DEFENCE,GOVERNMENT,1000000.00,PRIVATE,NA,NA,0,OWN,YES,YES,YES,AKURDI,PUNE,
P379,1089,MALE,14/12/1960,MARRIED,HINDU,SC/ST,NA,NA,LITERATE,WORKING,UG,ARMY OFFICER,DEFENCE,GOVERNMENT,600000.00,PRIVATE,5,5,0,RENT,YES,YES,YES,AKURDI,PUNE,
P380,1089,FEMALE,22/11/1968,MARRIED,HINDU,SC/ST,NA,NA,LITERATE,HOME MAKER,HSC,NA,NA,NA,0.00,NA,NA,NA,0,RENT,NO,YES,YES,AKURDI,PUNE,
P381,1089,MALE,15/05/1991,UNMARRIED,HINDU,SC/ST,NA,NA,LITERATE,WORKING,UG,SOFTWARE ENGINEER,IT,PRIVATE,500000.00,PRIVATE,NA,NA,0,RENT,YES,YES,YES,AKURDI,PUNE,
P382,1089,MALE,03/06/1995,NA,HINDU,SC/ST,NA,NA,LITERATE,STUDENT,HSC,NA,NA,NA,0.00,NA,NA,NA,0,RENT,NO,YES,YES,AKURDI,PUNE,
P383,1089,MALE,04/06/1998,NA,HINDU,SC/ST,NA,NA,LITERATE,STUDENT,SSC,NA,NA,NA,0.00,NA,NA,NA,0,RENT,NO,YES,YES,AKURDI,PUNE,
P384,1090,MALE,01/01/1959,MARRIED,HINDU,SC/ST,NA,NA,LITERATE,WORKING,UG,PROFFESSOR,EDUCATION,GOVERNMENT,300000.00,OWN,2,2,0,OWN,YES,YES,YES,AKURDI,PUNE,
P385,1090,FEMALE,02/02/1962,MARRIED,HINDU,SC/ST,NA,NA,LITERATE,WORKING,UG,PROFFESSOR,EDUCATION,PRIVATE,600000.00,OWN,NA,NA,0,OWN,YES,YES,YES,AKURDI,PUNE,
P386,1090,FEMALE,03/03/1991,UNMARRIED,HINDU,SC/ST,NA,NA,LITERATE,WORKING,UG,SOFTWARE ENGINEER,IT,PRIVATE,250000.00,PRIVATE,NA,NA,0,OWN,YES,YES,YES,AKURDI,PUNE,
P387,1090,FEMALE,04/04/1994,NA,HINDU,SC/ST,NA,NA,LITERATE,STUDENT,HSC,NA,NA,NA,0.00,NA,NA,NA,0,OWN,NO,YES,YES,AKURDI,PUNE,
P388,1091,MALE,11/11/1967,MARRIED,HINDU,GM,NA,NA,LITERATE,WORKING,PG,PILOT,DEFENCE,GOVERNMENT,1000000.00,PRIVATE,2,2,0,OWN,YES,YES,YES,AKURDI,PUNE,
P389,1091,FEMALE,12/12/1967,MARRIED,HINDU,GM,NA,NA,LITERATE,HOME MAKER,UG,NA,NA,NA,0.00,NA,NA,NA,0,OWN,NO,YES,YES,AKURDI,PUNE,
P390,1091,FEMALE,04/03/1992,UNMARRIED,HINDU,GM,NA,NA,LITERATE,WORKING,UG,SOFTWARE ENGINEER,IT,PRIVATE,600000.00,OWN,NA,NA,0,OWN,YES,YES,YES,AKURDI,PUNE,
P391,1091,MALE,08/07/1995,NA,HINDU,GM,NA,NA,LITERATE,STUDENT,HSC,NA,NA,NA,0.00,NA,NA,NA,0,OWN,NO,YES,YES,AKURDI,PUNE,
P392,1092,MALE,16/05/1966,MARRIED,HINDU,GM,NA,NA,LITERATE,WORKING,HSC,ACCOUNTANT,BANKING & FINANACE,GOVERNMENT,700000.00,OWN,2,2,0,RENT,YES,YES,YES,AKURDI,PUNE,
P393,1092,FEMALE,02/01/1969,MARRIED,HINDU,GM,NA,NA,LITERATE,HOME MAKER,HSC,NA,NA,NA,0.00,NA,NA,NA,0,RENT,NO,YES,YES,AKURDI,PUNE,
P394,1092,MALE,05/07/1993,UNMARRIED,HINDU,GM,NA,NA,LITERATE,STUDENT,HSC,NA,NA,NA,0.00,NA,NA,NA,0,RENT,NO,YES,YES,AKURDI,PUNE,
P395,1092,FEMALE,14/03/1996,NA,HINDU,GM,NA,NA,LITERATE,STUDENT,HSC,NA,NA,NA,0.00,NA,NA,NA,0,RENT,NO,YES,YES,AKURDI,PUNE,
P396,1093,MALE,06/06/1968,MARRIED,HINDU,OBC,NA,NA,LITERATE,WORKING,PG,SOFTWARE ENGINEER,IT,PRIVATE,300000.00,PRIVATE,2,2,0,RENT,YES,YES,YES,AKURDI,PUNE,
P397,1093,FEMALE,07/03/1969,MARRIED,HINDU,OBC,NA,NA,LITERATE,WORKING,PG,PROFFESSOR,EDUCATION,GOVERNMENT,600000.00,PUBLIC,NA,NA,0,RENT,YES,YES,YES,AKURDI,PUNE,
P398,1093,FEMALE,21/03/1994,UNMARRIED,HINDU,OBC,NA,NA,LITERATE,STUDENT,HSC,NA,NA,NA,0.00,NA,NA,NA,0,RENT,NO,YES,YES,AKURDI,PUNE,
P399,1093,FEMALE,05/07/1995,NA,HINDU,OBC,NA,NA,LITERATE,STUDENT,HSC,NA,NA,NA,0.00,NA,NA,NA,0,RENT,NO,YES,YES,AKURDI,PUNE,
P400,1094,FEMALE,23/04/1951,MARRIED,HINDU,OBC,NA,NA,ILLITERATE,HOME MAKER,NA,NA,NA,NA,0.00,NA,4,5,1,OWN,NO,YES,YES,HEBBAL,BANGALORE,
P401,1094,MALE,03/04/1959,MARRIED,HINDU,OBC,NA,NA,LITERATE,WORKING,UG,PROFFESSOR,EDUCATION,PRIVATE,500000.00,OWN,2,2,0,OWN,YES,YES,YES,HEBBAL,BANGALORE,
P402,1094,FEMALE,20/07/1965,MARRIED,HINDU,OBC,NA,NA,LITERATE,HOME MAKER,UG,NA,NA,NA,0.00,NA,NA,NA,0,OWN,NO,YES,YES,HEBBAL,BANGALORE,
P403,1094,FEMALE,28/07/1991,UNMARRIED,HINDU,OBC,NA,NA,LITERATE,WORKING,UG,SOFTWARE ENGINEER,IT,PRIVATE,300000.00,PRIVATE,NA,NA,0,OWN,YES,YES,YES,HEBBAL,BANGALORE,
P404,1094,MALE,11/09/1995,NA,HINDU,OBC,NA,NA,LITERATE,STUDENT,HSC,NA,NA,NA,0.00,NA,NA,NA,0,OWN,NO,YES,YES,HEBBAL,BANGALORE,
P405,1094,MALE,05/10/1965,MARRIED,HINDU,OBC,NA,NA,LITERATE,WORKING,PG,SOFTWARE ENGINEER,IT,SELF EMPLOYED,1000000.00,OWN,2,2,0,OWN,YES,YES,YES,HEBBAL,BANGALORE,
P406,1094,FEMALE,19/07/1969,MARRIED,HINDU,OBC,NA,NA,LITERATE,HOME MAKER,HSC,NA,NA,NA,0.00,NA,2,2,0,OWN,NO,YES,YES,HEBBAL,BANGALORE,
P407,1094,MALE,18/04/1997,NA,HINDU,OBC,NA,NA,LITERATE,STUDENT,SSC,NA,NA,NA,0.00,NA,NA,NA,0,OWN,NO,YES,YES,HEBBAL,BANGALORE,
P408,1094,FEMALE,19/04/1997,NA,HINDU,OBC,NA,NA,LITERATE,STUDENT,SSC,NA,NA,NA,0.00,NA,NA,NA,0,OWN,NO,YES,YES,HEBBAL,BANGALORE,
P409,1095,MALE,14/05/1941,WIDOWER,HINDU,GM,NA,NA,ILLITERATE,RETIRED,NA,NA,NA,NA,0.00,NA,5,6,1,OWN,NO,YES,YES,WHITEFIELD,BANGALORE,
P410,1095,MALE,26/01/1958,MARRIED,HINDU,GM,YES,PHYSICAL,LITERATE,WORKING,SSC,FARMER,AGRICULTURE,SELF EMPLOYED,1000000.00,OWN,0,0,0,OWN,NO,YES,YES,WHITEFIELD,BANGALORE,
P411,1095,FEMALE,04/12/1962,MARRIED,HINDU,GM,NA,NA,LITERATE,HOME MAKER,SSC,NA,NA,NA,0.00,NA,0,0,0,OWN,NO,YES,YES,WHITEFIELD,BANGALORE,
P412,1095,MALE,06/11/1960,MARRIED,HINDU,GM,NA,NA,LITERATE,WORKING,HSC,BUSINESS,OTHERS,SELF EMPLOYED,5000000.00,OWN,3,3,0,OWN,YES,YES,YES,WHITEFIELD,BANGALORE,
P413,1095,FEMALE,14/07/1965,MARRIED,HINDU,GM,NA,NA,LITERATE,HOME MAKER,HSC,NA,NA,NA,0.00,NA,NA,NA,0,OWN,NO,YES,YES,WHITEFIELD,BANGALORE,
P414,1095,MALE,03/09/1995,NA,HINDU,GM,NA,NA,LITERATE,STUDENT,SSC,NA,NA,NA,0.00,NA,NA,NA,0,OWN,NO,YES,YES,WHITEFIELD,BANGALORE,
P415,1095,MALE,05/09/1999,NA,HINDU,GM,NA,NA,LITERATE,STUDENT,SSC,NA,NA,NA,0.00,NA,NA,NA,0,OWN,NO,YES,YES,WHITEFIELD,BANGALORE,
P416,1095,MALE,05/09/1999,NA,HINDU,GM,NA,NA,LITERATE,STUDENT,SSC,NA,NA,NA,0.00,NA,NA,NA,0,OWN,NO,YES,YES,WHITEFIELD,BANGALORE,
P417,1095,MALE,09/08/1967,MARRIED,HINDU,GM,NA,NA,LITERATE,WORKING,SSC,BUSINESS,OTHERS,SELF EMPLOYED,5000000.00,OWN,2,3,0,OWN,YES,YES,YES,WHITEFIELD,BANGALORE,
P418,1095,FEMALE,15/02/1970,MARRIED,HINDU,GM,NA,NA,LITERATE,HOME MAKER,SSC,NA,NA,NA,0.00,NA,NA,NA,0,OWN,NO,YES,YES,WHITEFIELD,BANGALORE,
P419,1095,MALE,21/06/2000,NA,HINDU,GM,YES,HEARING,LITERATE,STUDENT,SSC,NA,NA,NA,0.00,NA,NA,NA,0,OWN,NO,YES,YES,WHITEFIELD,BANGALORE,
P420,1095,FEMALE,20/06/2004,NA,HINDU,GM,NA,NA,LITERATE,STUDENT,SSC,NA,NA,NA,0.00,NA,NA,NA,0,OWN,NO,YES,YES,WHITEFIELD,BANGALORE,
P421,1096,MALE,26/05/1945,WIDOWER,CHRISTIAN,GM,NA,NA,ILLITERATE,RETIRED,NA,NA,NA,NA,0.00,NA,5,5,1,OWN,YES,NO,YES,SANJAY NAGAR,BANGALORE,
P422,1096,MALE,03/09/1968,MARRIED,CHRISTIAN,GM,NA,NA,LITERATE,WORKING,SSC,BUSINESS,OTHERS,SELF EMPLOYED,7000000.00,OWN,2,2,0,OWN,YES,NO,YES,SANJAY NAGAR,BANGALORE,
P423,1096,FEMALE,17/08/1974,MARRIED,CHRISTIAN,GM,NA,NA,LITERATE,HOME MAKER,SSC,NA,NA,NA,0.00,NA,NA,NA,0,OWN,NO,NO,YES,SANJAY NAGAR,BANGALORE,
P424,1096,FEMALE,03/10/2004,NA,CHRISTIAN,GM,NA,NA,LITERATE,STUDENT,SSC,NA,NA,NA,0.00,NA,NA,NA,0,OWN,NO,NO,NO,SANJAY NAGAR,BANGALORE,
P425,1096,FEMALE,12/07/2013,NA,CHRISTIAN,GM,NA,NA,NA,NA,NA,NA,NA,NA,0.00,NA,NA,NA,0,OWN,NO,NO,NO,SANJAY NAGAR,BANGALORE,
P426,1096,MALE,06/03/1971,MARRIED,CHRISTIAN,GM,NA,NA,LITERATE,WORKING,SSC,FARMER,AGRICULTURE,SELF EMPLOYED,2500000.00,PUBLIC,1,2,0,OWN,YES,NO,YES,SANJAY NAGAR,BANGALORE,
P427,1096,FEMALE,22/04/1976,MARRIED,CHRISTIAN,GM,NA,NA,LITERATE,HOME MAKER,SSC,NA,NA,NA,0.00,NA,NA,NA,0,OWN,NO,NO,YES,SANJAY NAGAR,BANGALORE,
P428,1096,FEMALE,18/08/2013,NA,CHRISTIAN,GM,NA,NA,NA,NA,NA,NA,NA,NA,0.00,NA,NA,NA,0,OWN,NO,NO,NO,SANJAY NAGAR,BANGALORE,
P429,1096,MALE,30/09/1973,MARRIED,CHRISTIAN,GM,NA,NA,LITERATE,WORKING,SSC,BUSINESS,OTHERS,SELF EMPLOYED,7100000.00,OWN,0,0,0,OWN,YES,NO,YES,SANJAY NAGAR,BANGALORE,
P430,1096,FEMALE,06/05/1979,MARRIED,CHRISTIAN,GM,NA,NA,LITERATE,HOME MAKER,SSC,NA,NA,NA,0.00,NA,NA,NA,0,OWN,YES,NO,YES,SANJAY NAGAR,BANGALORE,
P431,1097,MALE,15/07/1947,MARRIED,MUSLIM,OBC,NA,NA,ILLITERATE,RETIRED,NA,NA,NA,NA,0.00,NA,5,5,0,RENT,NO,YES,YES,JAYANAGAR,BANGALORE,
P432,1097,FEMALE,25/08/1949,MARRIED,MUSLIM,OBC,YES,INTELLECTUAL,ILLITERATE,HOME MAKER,NA,NA,NA,NA,0.00,NA,NA,NA,0,RENT,NO,YES,YES,JAYANAGAR,BANGALORE,
P433,1097,MALE,03/07/1975,MARRIED,MUSLIM,OBC,NA,NA,LITERATE,WORKING,SSC,FARMER,AGRICULTURE,SELF EMPLOYED,900000.00,PRIVATE,1,1,0,RENT,YES,YES,YES,JAYANAGAR,BANGALORE,
P434,1097,FEMALE,26/05/1978,MARRIED,MUSLIM,OBC,NA,NA,LITERATE,HOME MAKER,SSC,NA,NA,NA,0.00,NA,NA,NA,0,RENT,YES,YES,YES,JAYANAGAR,BANGALORE,
P435,1097,FEMALE,31/03/2010,NA,MUSLIM,OBC,NA,NA,LITERATE,STUDENT,NA,NA,NA,NA,0.00,NA,NA,NA,0,RENT,NO,YES,NO,JAYANAGAR,BANGALORE,
P436,1097,MALE,08/08/1976,MARRIED,MUSLIM,OBC,NA,NA,LITERATE,WORKING,HSC,BUSINESS,OTHERS,SELF EMPLOYED,900000.00,OWN,1,1,0,RENT,NO,YES,YES,JAYANAGAR,BANGALORE,
P437,1097,FEMALE,05/07/1979,MARRIED,MUSLIM,OBC,NA,NA,LITERATE,HOME MAKER,PG,NA,NA,NA,0.00,NA,NA,NA,0,RENT,NO,YES,YES,JAYANAGAR,BANGALORE,
P438,1097,MALE,06/09/2012,NA,MUSLIM,OBC,NA,NA,NA,NA,NA,NA,NA,NA,0.00,NA,NA,NA,0,RENT,NO,YES,NO,JAYANAGAR,BANGALORE,
P439,1097,MALE,23/04/1978,MARRIED,MUSLIM,OBC,NA,NA,LITERATE,NA,SSC,NA,NA,NA,0.00,NA,2,2,0,RENT,NO,YES,YES,JAYANAGAR,BANGALORE,
P440,1097,FEMALE,20/06/1989,MARRIED,MUSLIM,OBC,NA,NA,LITERATE,HOME MAKER,HSC,NA,NA,NA,0.00,NA,NA,NA,0,RENT,NO,YES,YES,JAYANAGAR,BANGALORE,
P441,1097,MALE,27/05/2010,NA,MUSLIM,OBC,NA,NA,NA,NA,NA,NA,NA,NA,0.00,NA,NA,NA,0,RENT,NO,YES,NO,JAYANAGAR,BANGALORE,
P442,1097,FEMALE,05/05/2012,NA,MUSLIM,OBC,NA,NA,NA,NA,NA,NA,NA,NA,0.00,NA,NA,NA,0,RENT,NO,YES,NO,JAYANAGAR,BANGALORE,
P443,1098,MALE,14/02/1953,MARRIED,HINDU,OBC,NA,NA,LITERATE,WORKING,UG,ACCOUNTANT,BANKING AND FINANCE,GOVERNMENT,300000.00,PRIVATE,2,3,1,OWN,YES,YES,YES,BANDRA,MUMBAI,
P444,1098,FEMALE,25/07/1961,MARRIED,HINDU,OBC,NA,NA,ILLITERATE,HOME MAKER,NA,NA,NA,NA,0.00,NA,NA,NA,0,OWN,NO,YES,YES,BANDRA,MUMBAI,
P445,1098,FEMALE,16/12/2019,NA,HINDU,OBC,NA,NA,LITERATE,HOME MAKER,UG,NA,NA,NA,0.00,NA,1,1,0,OWN,YES,YES,YES,BANDRA,MUMBAI,
P446,1098,FEMALE,24/05/1991,UNMARRIED,HINDU,OBC,NA,NA,LITERATE,WORKING,UG,SOFTWARE ENGINEER,IT,PRIVATE,500000.00,PRIVATE,NA,NA,0,OWN,YES,YES,YES,BANDRA,MUMBAI,
P447,1099,MALE,12/02/1960,MARRIED,HINDU,OBC,NA,NA,ILLITERATE,WORKING,NA,FARMER,AGRICULTURE,SELF EMPLOYED,160000.00,NA,2,2,0,OWN,NO,YES,YES,AIROLI,MUMBAI,
P448,1099,FEMALE,07/02/1965,MARRIED,HINDU,OBC,NA,NA,ILLITERATE,HOME MAKER,NA,NA,NA,NA,0.00,NA,NA,NA,0,OWN,NO,YES,YES,AIROLI,MUMBAI,
P449,1099,MALE,08/11/1971,MARRIED,HINDU,OBC,NA,NA,ILLITERATE,WORKING,NA,FARMER,AGRICULTURE,SELF EMPLOYED,200000.00,NA,1,1,0,OWN,NO,YES,YES,AIROLI,MUMBAI,
P450,1099,FEMALE,09/12/1974,MARRIED,HINDU,OBC,NA,NA,ILLITERATE,HOME MAKER,NA,NA,NA,NA,0.00,NA,NA,NA,0,OWN,NO,YES,YES,AIROLI,MUMBAI,
P451,1099,MALE,22/12/2007,NA,HINDU,OBC,NA,NA,LITERATE,STUDENT,NA,NA,NA,NA,0.00,NA,NA,1,0,OWN,NO,YES,YES,AIROLI,MUMBAI,
P452,1100,MALE,14/12/1970,MARRIED,HINDU,OBC,NA,NA,ILLITERATE,WORKING,NA,FARMER,AGRICULTURE,SELF EMPLOYED,180000.00,NA,2,2,0,OWN,YES,YES,YES,JAYANAGAR,BANGALORE,
P453,1100,FEMALE,14/11/1973,MARRIED,HINDU,OBC,NA,NA,ILLITERATE,HOME MAKER,NA,NA,NA,NA,0.00,NA,NA,NA,0,OWN,YES,YES,YES,JAYANAGAR,BANGALORE,
P454,1100,FEMALE,22/03/1998,NA,HINDU,OBC,NA,NA,LITERATE,STUDENT,SSC,NA,NA,NA,0.00,NA,NA,NA,0,OWN,YES,YES,YES,JAYANAGAR,BANGALORE,
P455,1100,MALE,28/03/2000,NA,HINDU,OBC,NA,NA,LITERATE,STUDENT,NA,NA,NA,NA,0.00,NA,NA,NA,0,OWN,YES,YES,YES,JAYANAGAR,BANGALORE,
P456,1101,MALE,15/05/1971,MARRIED,MUSLIM,OBC,NA,NA,LITERATE,WORKING,UG,CONTRACTOR,CIVIL,GOVERNMENT,400000.00,OWN,2,3,1,OWN,YES,YES,YES,SANJAY NAGAR,BANGALORE,
P457,1101,FEMALE,22/11/1973,MARRIED,MUSLIM,OBC,NA,NA,ILLITERATE,HOME MAKER,NA,NA,NA,NA,0.00,NA,NA,NA,0,OWN,YES,YES,YES,SANJAY NAGAR,BANGALORE,
P458,1101,MALE,22/07/1994,UNMARRIED,MUSLIM,OBC,NA,NA,LITERATE,STUDENT,UG,NA,NA,NA,0.00,NA,NA,NA,0,OWN,YES,YES,YES,SANJAY NAGAR,BANGALORE,
P459,1101,MALE,22/03/1996,NA,MUSLIM,OBC,NA,NA,LITERATE,STUDENT,HSC,NA,NA,NA,0.00,NA,NA,NA,0,OWN,YES,YES,YES,SANJAY NAGAR,BANGALORE,
P460,1102,MALE,22/11/1953,MARRIED,CHRISTIAN,OBC,NA,NA,ILLITERATE,WORKING,NA,FARMER,AGRICULTURE,SELF EMPLOYED,100000.00,NA,2,2,0,OWN,YES,YES,YES,WHITEFIELD,BANGALORE,
P461,1102,FEMALE,07/10/1957,MARRIED,CHRISTIAN,OBC,NA,NA,ILLITERATE,HOME MAKER,NA,NA,NA,NA,0.00,NA,NA,NA,0,OWN,YES,YES,YES,WHITEFIELD,BANGALORE,
P462,1102,FEMALE,03/03/1992,UNMARRIED,CHRISTIAN,OBC,NA,NA,LITERATE,STUDENT,PG,NA,NA,NA,0.00,NA,NA,NA,0,OWN,YES,YES,YES,WHITEFIELD,BANGALORE,
P463,1102,MALE,05/08/1994,UNMARRIED,CHRISTIAN,OBC,NA,NA,LITERATE,STUDENT,HSC,NA,NA,NA,0.00,NA,NA,NA,0,OWN,YES,YES,YES,WHITEFIELD,BANGALORE,
P464,1103,MALE,05/02/1957,MARRIED,HINDU,OBC,NA,NA,LITERATE,WORKING,UG,DRIVER,TRANSPORATION,GOVERNMENT,125000.00,OWN,1,1,0,OWN,YES,YES,YES,RR NAGAR,BANGALORE,
P465,1103,FEMALE,07/09/1960,MARRIED,HINDU,OBC,NA,NA,ILLITERATE,HOME MAKER,NA,NA,NA,NA,0.00,NA,NA,NA,0,OWN,YES,YES,YES,RR NAGAR,BANGALORE,
P466,1103,FEMALE,07/08/1947,MARRIED,HINDU,OBC,NA,NA,ILLITERATE,HOME MAKER,NA,NA,NA,NA,0.00,NA,2,NA,0,OWN,NO,YES,YES,RR NAGAR,BANGALORE,
P467,1103,MALE,08/12/1940,MARRIED,HINDU,OBC,NA,NA,ILLITERATE,HOME MAKER,NA,NA,NA,NA,0.00,NA,NA,3,0,OWN,NO,YES,YES,RR NAGAR,BANGALORE,
P468,1103,MALE,08-90-1998,NA,HINDU,OBC,NA,NA,LITERATE,STUDENT,SSC,NA,NA,NA,0.00,NA,NA,NA,0,OWN,YES,YES,YES,RR NAGAR,BANGALORE,
P469,1104,MALE,26/04/1957,MARRIED,HINDU,OBC,NA,NA,LITERATE,WORKING,UG,CONTRACTOR,CIVIL,PRIVATE,120000.00,OWN,3,4,0,OWN,NO,YES,YES,SHIVAJI NAGAR,PUNE,
P470,1104,FEMALE,12/02/1960,MARRIED,HINDU,OBC,NA,NA,ILLITERATE,HOME MAKER,NA,NA,NA,NA,0.00,NA,NA,NA,0,OWN,NO,YES,YES,SHIVAJI NAGAR,PUNE,
P471,1104,FEMALE,12/09/1947,MARRIED,HINDU,OBC,NA,NA,ILLITERATE,HOME MAKER,NA,NA,NA,NA,0.00,NA,4,5,0,OWN,NO,YES,YES,SHIVAJI NAGAR,PUNE,
P472,1104,FEMALE,24/08/1995,NA,HINDU,OBC,NA,NA,LITERATE,STUDENT,NA,NA,NA,NA,0.00,NA,NA,NA,0,OWN,NO,YES,YES,SHIVAJI NAGAR,PUNE,
P473,1104,FEMALE,24/03/1998,NA,HINDU,OBC,NA,NA,LITERATE,STUDENT,NA,NA,NA,NA,0.00,NA,NA,NA,0,OWN,NO,YES,YES,SHIVAJI NAGAR,PUNE,
P474,1104,MALE,24/08/2001,NA,HINDU,OBC,NA,NA,LITERATE,STUDENT,NA,NA,NA,NA,0.00,NA,NA,NA,0,OWN,NO,YES,YES,SHIVAJI NAGAR,PUNE,
P475,1105,MALE,22/02/1976,MARRIED,HINDU,OBC,NA,NA,ILLITERATE,WORKING,NA,FARMER,AGRICULTURE,SELF EMPLOYED,50000.00,NA,1,1,0,OWN,NO,YES,YES,AKURDI,PUNE,
P476,1105,FEMALE,01/01/1980,MARRIED,HINDU,OBC,NA,NA,LITERATE,HOME MAKER,UG,NA,NA,NA,0.00,NA,1,1,0,OWN,NO,YES,YES,AKURDI,PUNE,
P477,1105,FEMALE,01/03/1950,MARRIED,HINDU,OBC,NA,NA,ILLITERATE,HOME MAKER,NA,NA,NA,NA,0.00,NA,3,3,0,OWN,NO,YES,YES,AKURDI,PUNE,
P478,1105,MALE,07/08/2006,NA,HINDU,OBC,NA,NA,LITERATE,STUDENT,NA,NA,NA,NA,0.00,NA,NA,NA,0,OWN,NO,YES,YES,AKURDI,PUNE,
P479,1106,MALE,07/01/1953,MARRIED,HINDU,OBC,NA,NA,ILLITERATE,WORKING,NA,FARMER,AGRICULTURE,SELF EMPLOYED,190000.00,NA,3,3,1,RENT,YES,YES,YES,VASHI,MUMBAI,
P480,1106,FEMALE,01/12/1960,MARRIED,HINDU,OBC,NA,NA,ILLITERATE,HOME MAKER,NA,NA,NA,NA,0.00,NA,NA,NA,0,RENT,YES,YES,YES,VASHI,MUMBAI,
P481,1106,FEMALE,09/06/1992,UNMARRIED,HINDU,OBC,NA,NA,LITERATE,STUDENT,UG,NA,NA,NA,0.00,NA,NA,NA,0,RENT,YES,YES,YES,VASHI,MUMBAI,
P482,1106,FEMALE,03/12/1993,UNMARRIED,HINDU,OBC,NA,NA,LITERATE,STUDENT,UG,NA,NA,NA,0.00,NA,NA,NA,0,RENT,YES,YES,YES,VASHI,MUMBAI,
P483,1106,MALE,28/02/2001,NA,HINDU,OBC,NA,NA,LITERATE,STUDENT,NA,NA,NA,NA,0.00,NA,NA,NA,0,RENT,YES,YES,YES,VASHI,MUMBAI,
P484,1106,MALE,14/07/1930,MARRIED,HINDU,OBC,NA,NA,ILLITERATE,HOME MAKER,NA,NA,NA,NA,0.00,NA,5,6,0,RENT,YES,YES,YES,VASHI,MUMBAI,
P485,1107,MALE,15/03/1960,MARRIED,CHRISTIAN,OBC,NA,NA,LITERATE,WORKING,UG,DRIVER,TRANSPORATION,GOVERNMENT,400000.00,OWN,1,1,0,RENT,YES,YES,YES,PANVEL,MUMBAI,
P486,1107,FEMALE,23/08/1966,MARRIED,CHRISTIAN,OBC,NA,NA,ILLITERATE,HOME MAKER,NA,NA,NA,NA,0.00,NA,NA,NA,0,RENT,YES,YES,YES,PANVEL,MUMBAI,
P487,1107,FEMALE,21/11/1992,UNMARRIED,CHRISTIAN,OBC,NA,NA,LITERATE,WORKING,UG,SOFTWARE ENGINEER,IT,PRIVATE,600000.00,PRIVATE,NA,NA,0,RENT,YES,YES,YES,PANVEL,MUMBAI,
P488,1108,MALE,23/11/1960,MARRIED,HINDU,OBC,NA,NA,ILLITERATE,WORKING,NA,FARMER,AGRICULTURE,SELF EMPLOYED,250000.00,NA,2,2,0,RENT,YES,YES,YES,THANE,MUMBAI,
P489,1108,FEMALE,22/12/1965,MARRIED,HINDU,OBC,NA,NA,ILLITERATE,HOME MAKER,NA,NA,NA,NA,0.00,NA,NA,NA,0,RENT,YES,YES,YES,THANE,MUMBAI,
P490,1108,MALE,07/02/1992,UNMARRIED,HINDU,OBC,NA,NA,ILLITERATE,WORKING,NA,FARMER,AGRICULTURE,SELF EMPLOYED,191000.00,NA,NA,NA,0,RENT,YES,YES,YES,THANE,MUMBAI,
P491,1108,FEMALE,06/08/1940,MARRIED,HINDU,OBC,NA,NA,ILLITERATE,HOME MAKER,NA,NA,NA,NA,0.00,NA,2,2,0,RENT,YES,YES,YES,THANE,MUMBAI,
P492,1109,FEMALE,06/02/1993,WIDOW,HINDU,OBC,NA,NA,LITERATE,WORKING,HSC,CLERK,BANKING AND FINANCE,GOVERNMENT,300000.00,PRIVATE,2,2,0,RENT,NO,YES,YES,CST,MUMBAI,
P493,1109,MALE,22/03/1998,NA,HINDU,OBC,NA,NA,LITERATE,STUDENT,SSC,NA,NA,NA,0.00,NA,NA,NA,0,RENT,NO,YES,YES,CST,MUMBAI,
P494,1109,MALE,24/03/2001,NA,HINDU,OBC,NA,NA,LITERATE,STUDENT,NA,NA,NA,NA,0.00,NA,NA,NA,0,RENT,NO,YES,YES,CST,MUMBAI,
P495,1110,MALE,26/08/1964,MARRIED,HINDU,OBC,NA,NA,LITRATE,WORKING,UG,BUSINESS,OTHERS,SELF EMPLOYED,0.00,OWN,3,NA,0,OWN,YES,YES,YES,HEBBAL,MUMBAI,
P496,1110,FEMALE,17/07/1975,MARRIED,HINDU,OBC,NA,NA,ILLITERATE,HOME MAKER,NA,NA,NA,NA,0.00,NA,NA,NA,0,OWN,YES,YES,YES,HEBBAL,MUMBAI,
P497,1110,FEMALE,25/07/1992,UNMARRIED,HINDU,OBC,NA,NA,LITERATE,WORKING,UG,SOFTWARE ENGINEER,IT,PRIVATE,280000.00,PRIVATE,NA,NA,0,OWN,YES,YES,YES,HEBBAL,MUMBAI,
P498,1110,MALE,10/09/1994,UNMARRIED,HINDU,OBC,NA,NA,LITERATE,WORKING,UG,DRIVER,TRANSPORATION,GOVERNMENT,310000.00,OWN,NA,NA,0,OWN,YES,YES,YES,HEBBAL,MUMBAI,
P499,1110,FEMALE,31/12/1996,NA,HINDU,OBC,NA,NA,LITERATE,STUDENT,UG,NA,NA,NA,0.00,NA,NA,NA,0,OWN,YES,YES,YES,HEBBAL,MUMBAI,
P500,1111,MALE,26/01/1964,MARRIED,HINDU,OBC,NA,NA,LITERATE,WORKING,UG,ARMY OFFICER,BANKING AND FINANCE,PRIVATE,350000.00,OWN,1,1,1,OWN,YES,YES,YES,ANDHERI,MUMBAI,
P501,1111,FEMALE,15/04/1964,MARRIED,HINDU,OBC,NA,NA,LITRATE,HOME MAKER,UG,NA,NA,NA,0.00,OWN,NA,NA,0,OWN,YES,YES,YES,ANDHERI,MUMBAI,
P502,1111,MALE,18/07/1991,UNMARRIED,HINDU,OBC,NA,NA,LITRATE,WORKING,UG,SOFTWARE ENGINEER,IT,PRIVATE,450000.00,PRIVATE,NA,NA,0,OWN,YES,YES,YES,ANDHERI,MUMBAI,
P503,1112,MALE,10/10/1979,MARRIED,HINDU,OBC,NA,NA,LITRATE,WORKING,UG,ARMY OFFICER,DEFENCE,GOVERNMENT,250000.00,OWN,2,2,0,OWN,YES,YES,YES,VIJAY NAGAR,BANGALORE,
P504,1112,FEMALE,10/06/1978,MARRIED,HINDU,OBC,NA,NA,LITRATE,HOME MAKER,PG,NA,NA,NA,0.00,NA,NA,NA,0,OWN,YES,YES,YES,VIJAY NAGAR,BANGALORE,
P505,1112,MALE,10/07/2007,NA,HINDU,OBC,NA,NA,LITRATE,STUDENT,NA,NA,NA,NA,0.00,NA,NA,NA,0,OWN,NO,YES,YES,VIJAY NAGAR,BANGALORE,
P506,1112,FEMALE,11/07/2009,NA,HINDU,OBC,NA,NA,LITRATE,STUDENT,NA,NA,NA,NA,0.00,NA,NA,NA,0,OWN,NO,YES,YES,VIJAY NAGAR,BANGALORE,
P507,1113,MALE,10/10/1950,MARRIED,HINDU,OBC,NA,NA,LITRATE,WORKING,UG,BUSINESS,OTHERS,SELF EMPLOYED,0.00,NA,3,3,1,OWN,YES,YES,YES,NIGADI,PUNE,
P508,1113,FEMALE,10/09/1960,MARRIED,HINDU,OBC,NA,NA,ILLITERATE,HOME MAKER,NA,NA,NA,NA,0.00,NA,NA,NA,0,OWN,YES,YES,YES,NIGADI,PUNE,
P509,1113,MALE,23/02/1989,UNMARRIED,HINDU,OBC,NA,NA,LITRATE,WORKING,PG,SOFTWARE ENGINEER,IT,PRIVATE,600000.00,OWN,NA,NA,0,OWN,YES,YES,YES,NIGADI,PUNE,
P510,1113,FEMALE,12/04/1985,MARRIED,HINDU,OBC,NA,NA,LITRATE,WORKING,UG,SOFTWARE ENGINEER,IT,PRIVATE,200000.00,OWN,0,0,0,OWN,YES,YES,YES,NIGADI,PUNE,
P511,1113,FEMALE,30/05/1987,MARRIED,HINDU,OBC,NA,NA,LITRATE,HOME MAKER,UG,NA,NA,NA,0.00,NA,0,0,1,OWN,YES,YES,YES,NIGADI,PUNE,
P512,1114,MALE,12/06/1950,MARRIED,HINDU,OBC,YES,INTELLECTUAL,ILLITERATE,NA,NA,NA,NA,NA,180000.00,NA,2,2,0,RENT,NO,YES,YES,RAJAJI NAGAR,BANGALORE,
P513,1114,FEMALE,12/05/1957,MARRIED,HINDU,OBC,YES,HEARING,ILLITERATE,HOME MAKER,NA,NA,NA,NA,0.00,NA,NA,NA,0,RENT,NO,YES,YES,RAJAJI NAGAR,BANGALORE,
P514,1114,FEMALE,23/12/1985,UNMARRIED,HINDU,OBC,NA,NA,ILLITERATE,WORKING,NA,PILOT,DEFENCE,PRIVATE,150000.00,PRIVATE,NA,NA,0,RENT,NO,YES,YES,RAJAJI NAGAR,BANGALORE,
P515,1114,MALE,23/02/1990,UNMARRIED,HINDU,OBC,NA,NA,ILLITERATE,WORKING,NA,DRIVER,TRANSPORATION,PRIVATE,130000.00,PRIVATE,NA,NA,0,RENT,NO,YES,YES,RAJAJI NAGAR,BANGALORE,
P516,1114,MALE,04/07/1947,MARRIED,HINDU,OBC,NA,NA,ILLITERATE,HOME MAKER,NA,NA,NA,NA,0.00,NA,1,1,0,RENT,NO,YES,YES,RAJAJI NAGAR,BANGALORE,
P517,1114,FEMALE,05/06/1950,MARRIED,HINDU,OBC,NA,NA,ILLITERATE,HOME MAKER,NA,NA,NA,NA,0.00,NA,NA,NA,0,RENT,NO,YES,YES,RAJAJI NAGAR,BANGALORE,
P518,1115,MALE,05/06/1960,MARRIED,HINDU,OBC,NA,NA,ILLITERATE,WORKING,NA,NA,NA,NA,0.00,NA,2,2,0,OWN,NO,YES,YES,GANDHI NAGAR,PUNE,
P519,1115,FEMALE,06/06/1965,MARRIED,HINDU,OBC,NA,NA,ILLITERATE,HOME MAKER,NA,NA,NA,NA,0.00,NA,NA,NA,0,OWN,NO,YES,YES,GANDHI NAGAR,PUNE,
P520,1115,FEMALE,06/01/1947,MARRIED,HINDU,OBC,YES,HEARING,ILLITERATE,HOME MAKER,NA,NA,NA,NA,0.00,NA,2,2,0,OWN,NO,YES,YES,GANDHI NAGAR,PUNE,
P521,1115,FEMALE,22/11/1964,UNMARRIED,HINDU,OBC,YES,PHYSICAL,ILLITERATE,HOME MAKER,NA,NA,NA,PRIVATE,0.00,NA,NA,NA,0,OWN,NO,YES,YES,GANDHI NAGAR,PUNE,
P522,1115,FEMALE,22/03/1992,UNMARRIED,HINDU,OBC,NA,NA,LITRATE,WORKING,UG,SOFTWARE ENGINEER,IT,GOVERNMENT,450000.00,PRIVATE,NA,NA,0,OWN,YES,YES,YES,GANDHI NAGAR,PUNE,
P523,1115,FEMALE,22/07/1995,NA,HINDU,OBC,NA,NA,LITRATE,STUDENT,UG,NA,NA,NA,0.00,NA,NA,NA,0,OWN,YES,YES,YES,GANDHI NAGAR,PUNE,
P524,1116,FEMALE,22/07/1969,WIDOW,HINDU,SC/ST,NA,NA,ILLITERATE,WORKING,NA,FARMER,AGRICULTURE,SELF EMPLOYED,260000.00,NA,3,3,1,OWN,NO,YES,YES,HADAPSAR,PUNE,
P525,1116,FEMALE,22/07/1989,UNMARRIED,HINDU,SC/ST,NA,NA,LITERATE,WORKING,UG,NURSE,HEALTH,GOVERNMENT,120000.00,PRIVATE,NA,NA,0,OWN,YES,YES,YES,HADAPSAR,PUNE,
P526,1116,FEMALE,13/06/1992,UNMARRIED,HINDU,SC/ST,NA,NA,LITERATE,WORKING,PG,SOFTWARE ENGINEER,IT,PRIVATE,480000.00,OWN,NA,NA,0,OWN,YES,YES,YES,HADAPSAR,PUNE,
P527,1116,FEMALE,01/01/1993,UNMARRIED,HINDU,SC/ST,NA,NA,LITERATE,STUDENT,UG,NA,NA,NA,0.00,NA,NA,NA,0,OWN,YES,YES,YES,HADAPSAR,PUNE,
P528,1117,MALE,01/02/1969,MARRIED,HINDU,SC/ST,NA,NA,ILLITERATE,WORKING,NA,FARMER,AGRICULTURE,SELF EMPLOYED,160000.00,NA,1,2,0,RENT,NO,YES,YES,DADAR,MUMBAI,
P529,1117,FEMALE,01/08/1970,MARRIED,HINDU,SC/ST,NA,NA,ILLITERATE,HOME MAKER,NA,NA,NA,NA,0.00,NA,NA,NA,0,RENT,NO,YES,YES,DADAR,MUMBAI,
P530,1117,FEMALE,22/11/2005,NA,HINDU,SC/ST,NA,NA,LITERATE,STUDENT,UG,NA,NA,NA,0.00,NA,NA,NA,0,RENT,NO,YES,YES,DADAR,MUMBAI,
P531,1118,MALE,12/03/1980,MARRIED,HINDU,OBC,NA,NA,LITERATE,WORKING,NA,CONTRACTOR,CIVIL,GOVERNMENT,360000.00,OWN,1,2,0,OWN,YES,YES,YES,RAJAJI NAGAR,BANGALORE,
P532,1118,FEMALE,12/03/1982,MARRIED,HINDU,OBC,NA,NA,ILLITERATE,HOME MAKER,NA,CONTRACTOR,CIVIL,PRIVATE,260000.00,NA,NA,NA,0,OWN,YES,YES,YES,RAJAJI NAGAR,BANGALORE,
P533,1118,MALE,12/12/2013,NA,HINDU,OBC,NA,NA,NA,NA,NA,NA,NA,NA,0.00,NA,NA,NA,0,OWN,NO,YES,NO,RAJAJI NAGAR,BANGALORE,
P534,1119,MALE,22/06/1960,MARRIED,MUSLIM,OBC,NA,NA,ILLITERATE,WORKING,NA,FARMER,AGRICULTURE,SELF EMPLOYED,145000.00,NA,4,4,1,OWN,YES,YES,YES,WHITEFIELD,BANGALORE,
P535,1119,FEMALE,22/05/1961,MARRIED,MUSLIM,OBC,NA,NA,ILLITERATE,HOME MAKER,NA,NA,NA,NA,0.00,NA,4,4,0,OWN,YES,YES,YES,WHITEFIELD,BANGALORE,
P536,1119,FEMALE,13/06/1980,MARRIED,MUSLIM,OBC,NA,NA,ILLITERATE,HOME MAKER,NA,NA,NA,NA,0.00,NA,NA,NA,0,OWN,YES,YES,YES,WHITEFIELD,BANGALORE,
P537,1119,FEMALE,21/06/1982,MARRIED,MUSLIM,OBC,NA,NA,ILLITERATE,HOME MAKER,NA,NA,NA,NA,0.00,NA,NA,NA,0,OWN,YES,YES,YES,WHITEFIELD,BANGALORE,
P538,1119,MALE,01/01/1986,UNMARRIED,MUSLIM,OBC,NA,NA,LITERATE,WORKING,UG,SOFTWARE ENGINEER,IT,PRIVATE,470000.00,OWN,NA,NA,0,OWN,YES,YES,YES,WHITEFIELD,BANGALORE,
P539,1119,FEMALE,03/01/1989,MARRIED,MUSLIM,OBC,NA,NA,ILLITERATE,HOME MAKER,NA,NA,NA,NA,0.00,NA,NA,NA,0,OWN,YES,YES,YES,WHITEFIELD,BANGALORE,
P540,1119,MALE,01/10/1947,MARRIED,MUSLIM,OBC,NA,NA,ILLITERATE,HOME MAKER,NA,NA,NA,NA,0.00,NA,1,1,0,OWN,NO,YES,YES,WHITEFIELD,BANGALORE,
P541,1119,FEMALE,24/06/1950,MARRIED,MUSLIM,OBC,NA,NA,ILLITERATE,HOME MAKER,NA,NA,NA,NA,0.00,NA,NA,NA,0,OWN,NO,YES,YES,WHITEFIELD,BANGALORE,
P542,1120,MALE,1/2/1974,MARRIED,CHRISTIAN,GM,NA,NA,LITERATE,WORKING,PG,SOFTWARE ENGINEER,IT,PRIVATE,1000000.00,PUBLIC,2,2,0,RENT,YES,YES,YES,RAJAJI NAGAR,BANGALORE,
P543,1120,FEMALE,4/25/1978,MARRIED,CHRISTIAN,GM,NA,NA,LITERATE,WORKING,PG,SOFTWARE ENGINEER,IT,PRIVATE,700000.00,PUBLIC,NA,NA,0,RENT,YES,YES,YES,RAJAJI NAGAR,BANGALORE,
P544,1120,MALE,7/8/2004,NA,CHRISTIAN,GM,YES,PHYSICAL,ILLITERATE,NA,NA,NA,NA,NA,0.00,NA,NA,NA,0,RENT,NO,YES,NO,RAJAJI NAGAR,BANGALORE,
P545,1120,FEMALE,9/4/2008,NA,CHRISTIAN,GM,NA,NA,LITERATE,STUDENT,SSC,NA,NA,NA,0.00,NA,NA,NA,0,RENT,NO,YES,NO,RAJAJI NAGAR,BANGALORE,
P546,1121,MALE,12/10/1972,MARRIED,CHRISTIAN,GM,NA,NA,LITERATE,WORKING,UG,SOFTWARE ENGINEER,IT,PRIVATE,1500000.00,PUBLIC,2,2,0,RENT,YES,YES,YES,RAJAJI NAGAR,BANGALORE,
P547,1121,FEMALE,12/22/1978,MARRIED,CHRISTIAN,GM,NA,NA,LITERATE,HOME MAKER,HSC,NA,NA,NA,0.00,NA,NA,NA,0,RENT,NO,YES,YES,RAJAJI NAGAR,BANGALORE,
P548,1121,FEMALE,10/25/1976,UNMARRIED,CHRISTIAN,GM,NA,NA,LITERATE,WORKING,UG,SOFTWARE ENGINEER,IT,PRIVATE,600000.00,PUBLIC,NA,NA,0,RENT,YES,YES,YES,RAJAJI NAGAR,BANGALORE,
P549,1121,MALE,5/30/2010,NA,CHRISTIAN,GM,NA,NA,NA,NA,NA,NA,NA,NA,0.00,NA,NA,NA,0,RENT,NO,YES,NO,RAJAJI NAGAR,BANGALORE,
P550,1121,FEMALE,9/6/2012,NA,CHRISTIAN,GM,NA,NA,NA,NA,NA,NA,NA,NA,0.00,NA,NA,NA,0,RENT,NO,YES,NO,RAJAJI NAGAR,BANGALORE,
P551,1122,MALE,1/2/1974,MARRIED,OTHERS,GM,NA,NA,LITERATE,WORKING,PG,ARMY OFFICER,DEFENCE,GOVERNMENT,1000000.00,PRIVATE,2,2,0,RENT,YES,YES,YES,RAJAJI NAGAR,BANGALORE,
P552,1122,FEMALE,4/25/1978,MARRIED,OTHERS,GM,NA,NA,LITERATE,WORKING,PG,SOFTWARE ENGINEER,IT,PRIVATE,700000.00,PRIVATE,NA,NA,0,RENT,YES,YES,YES,RAJAJI NAGAR,BANGALORE,
P553,1122,MALE,7/8/2004,NA,OTHERS,GM,YES,VISION,ILLITERATE,NOT WORKING,NA,NA,NA,NA,0.00,NA,NA,NA,0,RENT,NO,YES,NO,RAJAJI NAGAR,BANGALORE,
P554,1122,FEMALE,9/4/2008,NA,OTHERS,GM,NA,NA,LITERATE,STUDENT,SSC,NA,NA,NA,0.00,NA,NA,NA,0,RENT,NO,YES,NO,RAJAJI NAGAR,BANGALORE,
P555,1123,MALE,19/12/1984,MARRIED,MUSLIM,GM,NA,NA,LITERATE,WORKING,PG,DOCTOR,HEALTH,PRIVATE,500000.00,PRIVATE,2,2,0,RENT,YES,YES,YES,ANDHERI,MUMBAI,
P556,1123,FEMALE,21/04/1986,MARRIED,MUSLIM,GM,NA,NA,LITERATE,HOME MAKER,UG,NA,NA,NA,0.00,NA,NA,NA,0,RENT,NO,YES,YES,ANDHERI,MUMBAI,
P557,1123,MALE,02/02/2012,NA,MUSLIM,GM,NA,NA,NA,NA,NA,NA,NA,NA,0.00,NA,NA,NA,0,RENT,NO,NO,NO,ANDHERI,MUMBAI,
P558,1123,MALE,05/03/2013,NA,MUSLIM,GM,NA,NA,NA,NA,NA,NA,NA,NA,0.00,NA,NA,NA,0,RENT,NO,NO,NO,ANDHERI,MUMBAI,
P559,1124,MALE,22/11/1934,MARRIED,CHRISTIAN,GM,YES,HEARING,ILLITERATE,NA,NA,NA,NA,NA,0.00,NA,2,2,0,OWN,NO,YES,YES,CST,MUMBAI,
P560,1124,FEMALE,22/10/1941,MARRIED,CHRISTIAN,GM,NA,NA,ILLITERATE,NA,NA,NA,NA,NA,0.00,NA,NA,NA,0,OWN,NO,YES,YES,CST,MUMBAI,
P561,1124,MALE,03/09/1969,MARRIED,CHRISTIAN,GM,NA,NA,LITERATE,WORKING,PG,PROFFESSOR,EDUCATION,GOVERNMENT,400000.00,PUBLIC,1,1,0,OWN,YES,YES,YES,CST,MUMBAI,
P562,1124,FEMALE,14/07/1975,MARRIED,CHRISTIAN,GM,NA,NA,LITERATE,WORKING,UG,TEACHER,EDUCATION,GOVERNMENT,367800.00,PUBLIC,NA,NA,0,OWN,YES,YES,YES,CST,MUMBAI,
P563,1124,MALE,22/01/2000,NA,CHRISTIAN,GM,NA,NA,LITERATE,STUDENT,SSC,NA,NA,NA,0.00,NA,NA,NA,0,OWN,YES,YES,YES,CST,MUMBAI,
P564,1124,MALE,23-05-1973,MARRIED,CHRISTIAN,GM,NA,NA,LITERATE,WORKING,PG,SOFTWARE ENGINEER,IT,PRIVATE,700000.00,PRIVATE,1,1,0,OWN,YES,YES,YES,CST,MUMBAI,
P565,1124,FEMALE,17/11/1976,MARRIED,CHRISTIAN,GM,NA,NA,LITERATE,NA,UG,NA,NA,NA,0.00,NA,NA,NA,0,OWN,NO,YES,YES,CST,MUMBAI,
P566,1124,FEMALE,21/04/2002,NA,CHRISTIAN,GM,NA,NA,LITERATE,STUDENT,SSC,NA,NA,NA,0.00,NA,NA,NA,0,OWN,YES,YES,YES,CST,MUMBAI,
P567,1125,MALE,23/09/1945,MARRIED,HINDU,OBC,NA,NA,ILLITERATE,WORKING,NA,BUSINESS,OTHERS,SELF EMPLOYED,1000000.00,NA,1,1,0,RENT,YES,YES,YES,VASHI,MUMBAI,
P568,1125,FEMALE,07/07/1948,MARRIED,HINDU,OBC,NA,NA,ILLITERATE,NA,NA,NA,NA,NA,0.00,NA,NA,NA,0,RENT,NO,YES,NO,VASHI,MUMBAI,
P569,1125,FEMALE,14/12/1998,NA,HINDU,OBC,NA,NA,LITERATE,STUDENT,HSC,NA,NA,NA,0.00,NA,NA,NA,0,RENT,YES,YES,YES,VASHI,MUMBAI,
P570,1126,MALE,11/11/1967,MARRIED,HINDU,GM,NA,NA,LITERATE,WORKING,PG,PILOT,DEFENCE,GOVERNMENT,1000000.00,PRIVATE,0,2,0,OWN,YES,YES,YES,AKURDI,PUNE,
P571,1126,FEMALE,12/12/1967,MARRIED,HINDU,GM,NA,NA,LITERATE,HOME MAKER,UG,NA,NA,NA,0.00,NA,NA,NA,0,OWN,NO,YES,YES,AKURDI,PUNE,
P572,1126,FEMALE,3/4/1992,NA,HINDU,GM,NA,NA,LITERATE,WORKING,UG,SOFTWARE ENGINEER,IT,PRIVATE,600000.00,OWN,NA,NA,0,OWN,YES,YES,YES,AKURDI,PUNE,
P573,1126,MALE,7/8/1995,NA,HINDU,GM,NA,NA,LITERATE,STUDENT,HSC,NA,NA,NA,0.00,NA,NA,NA,0,OWN,NO,YES,YES,AKURDI,PUNE,
P574,1127,MALE,5/16/1966,MARRIED,HINDU,GM,NA,NA,LITERATE,WORKING,HSC,CLERK,BANKING & FINANACE,GOVERNMENT,700000.00,OWN,2,4,0,RENT,YES,YES,YES,AKURDI,PUNE,
P575,1127,FEMALE,1/2/1969,MARRIED,HINDU,GM,NA,NA,LITERATE,HOME MAKER,HSC,NA,NA,NA,0.00,NA,NA,NA,0,RENT,NO,YES,YES,AKURDI,PUNE,
P576,1127,MALE,7/5/1993,UNMARRIED,HINDU,GM,NA,NA,LITERATE,STUDENT,HSC,NA,NA,NA,0.00,NA,NA,NA,0,RENT,NO,YES,YES,AKURDI,PUNE,
P577,1127,FEMALE,3/14/1996,NA,HINDU,GM,NA,NA,LITERATE,STUDENT,HSC,NA,NA,NA,0.00,NA,NA,NA,0,RENT,NO,YES,YES,AKURDI,PUNE,
P578,1128,MALE,6/6/1968,MARRIED,HINDU,OBC,NA,NA,LITERATE,WORKING,PG,SOFTWARE ENGINEER,IT,PRIVATE,300000.00,PRIVATE,2,2,0,RENT,YES,YES,YES,AKURDI,PUNE,
P579,1128,FEMALE,3/7/1969,MARRIED,HINDU,OBC,NA,NA,LITERATE,WORKING,PG,PROFFESSOR,EDUCATION,GOVERNMENT,600000.00,PUBLIC,NA,NA,0,RENT,YES,YES,YES,AKURDI,PUNE,
P580,1128,FEMALE,3/21/1994,UNMARRIED,HINDU,OBC,NA,NA,LITERATE,STUDENT,HSC,NA,NA,NA,0.00,NA,NA,NA,0,RENT,NO,YES,YES,AKURDI,PUNE,
P581,1128,FEMALE,7/5/1995,NA,HINDU,OBC,NA,NA,LITERATE,STUDENT,HSC,NA,NA,NA,0.00,NA,NA,NA,0,RENT,NO,YES,YES,AKURDI,PUNE,
P582,1129,MALE,1/2/1974,MARRIED,CHRISTIAN,GM,NA,NA,LITERATE,WORKING,PG,SOFTWARE ENGINEER,IT,PRIVATE,1000000.00,PUBLIC,2,2,0,RENT,YES,YES,YES,RAJAJI NAGAR,BANGALORE,
P583,1129,FEMALE,4/25/1978,MARRIED,CHRISTIAN,GM,NA,NA,LITERATE,WORKING,PG,SOFTWARE ENGINEER,IT,PRIVATE,700000.00,PUBLIC,NA,NA,0,RENT,YES,YES,YES,RAJAJI NAGAR,BANGALORE,
P584,1129,MALE,7/8/2004,NA,CHRISTIAN,GM,YES,PHYSICAL,ILLITERATE,NA,NA,NA,NA,NA,0.00,NA,NA,NA,0,RENT,NO,YES,NO,RAJAJI NAGAR,BANGALORE,
P585,1129,FEMALE,9/4/2008,NA,CHRISTIAN,GM,NA,NA,LITERATE,STUDENT,SSC,NA,NA,NA,0.00,NA,NA,NA,0,RENT,NO,YES,NO,RAJAJI NAGAR,BANGALORE,
P586,1130,MALE,7/15/1947,MARRIED,MUSLIM,OBC,NA,NA,ILLITERATE,RETIRED,NA,NA,NA,NA,0.00,NA,5,5,0,RENT,NO,YES,YES,JAYA NAGAR,BANGALORE,
P587,1130,FEMALE,8/25/1949,MARRIED,MUSLIM,OBC,YES,HEARING,ILLITERATE,HOME MAKER,NA,NA,NA,NA,0.00,NA,NA,NA,0,RENT,NO,YES,YES,JAYA NAGAR,BANGALORE,
P588,1130,MALE,7/3/1975,MARRIED,MUSLIM,OBC,NA,NA,LITERATE,WORKING,SSC,FARMER,AGRICULTURE,SELF EMPLOYED,900000.00,PRIVATE,1,1,0,RENT,YES,YES,YES,JAYA NAGAR,BANGALORE,
P589,1130,FEMALE,5/26/1978,MARRIED,MUSLIM,OBC,NA,NA,LITERATE,HOME MAKER,SSC,NA,NA,NA,0.00,NA,NA,NA,0,RENT,YES,YES,YES,JAYA NAGAR,BANGALORE,
P590,1130,FEMALE,3/31/2010,NA,MUSLIM,OBC,NA,NA,LITERATE,STUDENT,NA,NA,NA,NA,0.00,NA,NA,NA,0,RENT,NO,YES,NO,JAYA NAGAR,BANGALORE,
P591,1130,MALE,8/8/1976,MARRIED,MUSLIM,OBC,NA,NA,LITERATE,WORKING,HSC,POLICE,LAW & ORDER,GOVERNMENT,900000.00,OWN,1,1,0,RENT,NO,YES,YES,JAYA NAGAR,BANGALORE,
P592,1130,FEMALE,7/5/1979,MARRIED,MUSLIM,OBC,NA,NA,LITERATE,HOME MAKER,PG,NA,NA,NA,0.00,NA,NA,NA,0,RENT,NO,YES,YES,JAYA NAGAR,BANGALORE,
P593,1130,MALE,9/6/2012,NA,MUSLIM,OBC,NA,NA,NA,NA,NA,NA,NA,NA,0.00,NA,NA,NA,0,RENT,NO,YES,NO,JAYA NAGAR,BANGALORE,
P594,1130,MALE,4/23/1978,MARRIED,MUSLIM,OBC,NA,NA,LITERATE,NOT WORKING,SSC,NA,NA,NA,0.00,NA,2,2,0,RENT,NO,YES,YES,JAYA NAGAR,BANGALORE,
P595,1130,FEMALE,6/20/1989,MARRIED,MUSLIM,OBC,NA,NA,LITERATE,HOME MAKER,HSC,NA,NA,NA,0.00,NA,NA,NA,0,RENT,NO,YES,YES,JAYA NAGAR,BANGALORE,
P596,1130,MALE,5/27/2010,NA,MUSLIM,OBC,NA,NA,NA,STUDENT,NA,NA,NA,NA,0.00,NA,NA,NA,0,RENT,NO,YES,NO,JAYA NAGAR,BANGALORE,
P597,1130,FEMALE,5/5/2012,NA,MUSLIM,OBC,NA,NA,NA,NA,NA,NA,NA,NA,0.00,NA,NA,NA,0,RENT,NO,YES,NO,JAYA NAGAR,BANGALORE,
P598,1131,MALE,13/09/1986,MARRIED,HINDU,GM,NA,NA,LITERATE,WORKING,PG,SOFTWARE ENGINEER,IT,PRIVATE,700000.00,OWN,0,0,0,OWN,YES,YES,YES,HEBBAL,BANGALORE,
P599,1131,FEMALE,13/09/1991,MARRIED,HINDU,GM,NA,NA,LITERATE,WORKING,PG,SOFTWARE ENGINEER,IT,PRIVATE,900000.00,OWN,0,0,0,OWN,YES,YES,YES,HEBBAL,BANGALORE,
,,,,,,,,,,,,,,,,,,,,,,,,,,
